Station/Location;Date;tre200b0;tpr200dx;tpr200dn;rre150b0;spr100h0
;;133;133;133;133;133
TAE;2024091100;10.9;15.6;8.6;0.0;0
TAE;2024091101;10.7;-;-;0.0;0
TAE;2024091102;10.5;-;-;0.0;0
TAE;2024091103;10.6;-;-;0.0;0
TAE;2024091104;10.9;-;-;0.0;0
TAE;2024091105;11.6;-;-;0.0;0
TAE;2024091106;12.5;-;-;0.0;23
TAE;2024091107;13.5;-;-;0.0;26
TAE;2024091108;14.5;-;-;0.0;25
TAE;2024091109;15.1;-;-;0.0;17
TAE;2024091110;15.5;-;-;0.0;12
TAE;2024091111;15.6;-;-;0.0;8
TAE;2024091112;15.5;-;-;0.3;4
TAE;2024091113;15.1;-;-;0.7;2
TAE;2024091114;14.7;-;-;1.3;2
TAE;2024091115;14.1;-;-;1.7;2
TAE;2024091116;13.4;-;-;2.1;2
TAE;2024091117;12.5;-;-;1.9;1
TAE;2024091118;11.7;-;-;2.4;0
TAE;2024091119;10.8;-;-;1.6;0
TAE;2024091120;10.0;-;-;1.4;0
TAE;2024091121;9.2;-;-;1.3;0
TAE;2024091122;8.6;-;-;1.3;0
TAE;2024091123;8.1;-;-;0.9;0
TAE;2024091200;7.6;11.7;6.8;0.6;0
TAE;2024091201;7.4;-;-;0.6;0
TAE;2024091202;7.2;-;-;0.2;0
TAE;2024091203;7.3;-;-;0.0;0
TAE;2024091204;7.5;-;-;0.0;0
TAE;2024091205;7.9;-;-;0.0;0
TAE;2024091206;8.5;-;-;0.0;1
TAE;2024091207;9.1;-;-;0.0;3
TAE;2024091208;9.9;-;-;0.0;5
TAE;2024091209;10.5;-;-;0.0;5
TAE;2024091210;11.1;-;-;0.0;4
TAE;2024091211;11.5;-;-;0.0;4
TAE;2024091212;11.7;-;-;0.0;5
TAE;2024091213;11.7;-;-;0.0;5
TAE;2024091214;11.5;-;-;0.0;8
TAE;2024091215;11.1;-;-;0.0;11
TAE;2024091216;10.6;-;-;0.0;11
TAE;2024091217;9.9;-;-;0.0;9
TAE;2024091218;9.3;-;-;0.0;4
TAE;2024091219;8.6;-;-;0.0;0
TAE;2024091220;7.9;-;-;0.0;0
TAE;2024091221;7.3;-;-;0.0;0
TAE;2024091222;6.8;-;-;0.0;0
TAE;2024091223;6.2;-;-;0.0;0
TAE;2024091300;5.8;10.3;5.3;0.0;0
TAE;2024091301;5.5;-;-;0.0;0
TAE;2024091302;5.3;-;-;0.0;0
TAE;2024091303;5.3;-;-;0.0;0
TAE;2024091304;5.4;-;-;0.0;0
TAE;2024091305;5.8;-;-;0.0;0
TAE;2024091306;6.4;-;-;0.0;4
TAE;2024091307;7.0;-;-;0.0;5
TAE;2024091308;7.8;-;-;0.0;4
TAE;2024091309;8.5;-;-;0.0;3
TAE;2024091310;9.1;-;-;0.0;3
TAE;2024091311;9.6;-;-;0.0;3
TAE;2024091312;10.0;-;-;0.1;3
TAE;2024091313;10.2;-;-;0.0;4
TAE;2024091314;10.3;-;-;0.0;5
TAE;2024091315;10.2;-;-;0.0;7
TAE;2024091316;9.9;-;-;0.0;6
TAE;2024091317;9.6;-;-;0.0;3
TAE;2024091318;9.2;-;-;0.0;3
TAE;2024091319;8.7;-;-;0.0;0
TAE;2024091320;8.3;-;-;0.0;0
TAE;2024091321;7.9;-;-;0.0;0
TAE;2024091322;7.6;-;-;0.0;0
TAE;2024091323;7.3;-;-;0.0;0
TAE;2024091400;7.0;11.3;6.4;0.0;0
TAE;2024091401;6.7;-;-;0.0;0
TAE;2024091402;6.5;-;-;0.0;0
TAE;2024091403;6.4;-;-;0.0;0
TAE;2024091404;6.5;-;-;0.0;0
TAE;2024091405;6.8;-;-;0.0;0
TAE;2024091406;7.3;-;-;0.0;12
TAE;2024091407;8.0;-;-;0.0;12
TAE;2024091408;8.7;-;-;0.0;12
TAE;2024091409;9.5;-;-;0.0;10
TAE;2024091410;10.1;-;-;0.0;8
TAE;2024091411;10.7;-;-;0.0;7
TAE;2024091412;11.1;-;-;0.0;6
TAE;2024091413;11.3;-;-;0.0;7
TAE;2024091414;11.3;-;-;0.0;8
TAE;2024091415;11.1;-;-;0.0;13
TAE;2024091416;10.7;-;-;0.0;14
TAE;2024091417;10.2;-;-;0.0;13
TAE;2024091418;9.6;-;-;0.0;2
TAE;2024091419;8.9;-;-;0.0;0
TAE;2024091420;8.2;-;-;0.0;0
TAE;2024091421;7.6;-;-;0.0;0
TAE;2024091422;7.1;-;-;0.0;0
TAE;2024091423;6.6;-;-;0.0;0
TAE;2024091500;6.1;14.2;4.9;0.0;0
TAE;2024091501;5.6;-;-;0.0;0
TAE;2024091502;5.2;-;-;0.0;0
TAE;2024091503;4.9;-;-;0.0;0
TAE;2024091504;5.0;-;-;0.0;0
TAE;2024091505;5.5;-;-;0.0;0
TAE;2024091506;6.4;-;-;0.0;16
TAE;2024091507;7.7;-;-;0.0;58
TAE;2024091508;9.2;-;-;0.0;52
TAE;2024091509;10.7;-;-;0.0;45
TAE;2024091510;12.0;-;-;0.0;41
TAE;2024091511;13.1;-;-;0.0;40
TAE;2024091512;13.8;-;-;0.0;38
TAE;2024091513;14.2;-;-;0.0;37
TAE;2024091514;14.2;-;-;0.0;38
TAE;2024091515;13.8;-;-;0.0;39
TAE;2024091516;13.2;-;-;0.0;40
TAE;2024091517;12.2;-;-;0.0;40
TAE;2024091518;11.2;-;-;0.0;0
TAE;2024091519;10.1;-;-;0.0;0
TAE;2024091520;9.1;-;-;0.0;0
TAE;2024091521;8.2;-;-;0.0;0
TAE;2024091522;7.5;-;-;0.0;0
TAE;2024091523;7.0;-;-;0.0;0
TAE;2024091600;6.6;15.0;6.3;0.0;0
TAE;2024091601;6.4;-;-;0.0;0
TAE;2024091602;6.3;-;-;0.0;0
TAE;2024091603;6.4;-;-;0.0;0
TAE;2024091604;6.7;-;-;0.0;0
TAE;2024091605;7.4;-;-;0.0;0
TAE;2024091606;8.4;-;-;0.0;12
TAE;2024091607;9.6;-;-;0.0;21
TAE;2024091608;10.9;-;-;0.0;25
TAE;2024091609;12.2;-;-;0.0;24
TAE;2024091610;13.3;-;-;0.0;23
TAE;2024091611;14.2;-;-;0.0;22
TAE;2024091612;14.7;-;-;0.0;19
TAE;2024091613;15.0;-;-;0.0;16
TAE;2024091614;14.9;-;-;0.0;15
TAE;2024091615;14.6;-;-;0.0;15
TAE;2024091616;14.1;-;-;0.0;17
TAE;2024091617;13.4;-;-;0.0;19
TAE;2024091618;12.6;-;-;0.0;0
TAE;2024091619;11.9;-;-;0.0;0
TAE;2024091620;11.2;-;-;0.0;0
TAE;2024091621;10.6;-;-;0.0;0
TAE;2024091622;10.0;-;-;0.0;0
TAE;2024091623;9.5;-;-;0.0;0
TAE;2024091700;9.1;16.7;8.5;0.0;0
TAE;2024091701;8.7;-;-;0.0;0
TAE;2024091702;8.5;-;-;0.0;0
TAE;2024091703;8.5;-;-;0.0;0
TAE;2024091704;8.8;-;-;0.0;0
TAE;2024091705;9.4;-;-;0.0;0
TAE;2024091706;10.3;-;-;0.0;14
TAE;2024091707;11.4;-;-;0.0;29
TAE;2024091708;12.6;-;-;0.0;25
TAE;2024091709;13.9;-;-;0.0;20
TAE;2024091710;15.0;-;-;0.0;20
TAE;2024091711;15.9;-;-;0.0;23
TAE;2024091712;16.5;-;-;0.0;24
TAE;2024091713;16.7;-;-;0.0;26
TAE;2024091714;16.6;-;-;0.0;28
TAE;2024091715;16.3;-;-;0.0;28
TAE;2024091716;15.6;-;-;0.0;31
TAE;2024091717;14.8;-;-;0.0;36
TAE;2024091718;14.0;-;-;0.0;0
TAE;2024091719;13.1;-;-;0.0;0
TAE;2024091720;12.3;-;-;0.0;0
TAE;2024091721;11.6;-;-;0.0;0
TAE;2024091722;10.9;-;-;0.0;0
TAE;2024091723;10.2;-;-;0.0;0
TAE;2024091800;9.7;18.2;8.7;0.0;0
BAS;2024091100;11.6;15.8;9.5;0.0;0
BAS;2024091101;11.4;-;-;0.0;0
BAS;2024091102;11.3;-;-;0.0;0
BAS;2024091103;11.4;-;-;0.0;0
BAS;2024091104;11.8;-;-;0.0;0
BAS;2024091105;12.3;-;-;0.0;0
BAS;2024091106;13.0;-;-;0.0;8
BAS;2024091107;13.8;-;-;0.0;6
BAS;2024091108;14.5;-;-;0.0;3
BAS;2024091109;15.2;-;-;0.0;2
BAS;2024091110;15.6;-;-;0.0;2
BAS;2024091111;15.8;-;-;0.0;2
BAS;2024091112;15.7;-;-;0.1;1
BAS;2024091113;15.5;-;-;0.4;1
BAS;2024091114;15.0;-;-;1.0;1
BAS;2024091115;14.3;-;-;1.2;2
BAS;2024091116;13.5;-;-;1.1;2
BAS;2024091117;12.8;-;-;1.0;1
BAS;2024091118;12.0;-;-;0.7;0
BAS;2024091119;11.3;-;-;0.5;0
BAS;2024091120;10.7;-;-;0.5;0
BAS;2024091121;10.1;-;-;0.3;0
BAS;2024091122;9.5;-;-;0.0;0
BAS;2024091123;9.0;-;-;0.0;0
BAS;2024091200;8.4;13.8;7.5;0.0;0
BAS;2024091201;8.0;-;-;0.0;0
BAS;2024091202;7.8;-;-;0.0;0
BAS;2024091203;7.7;-;-;0.0;0
BAS;2024091204;8.0;-;-;0.0;0
BAS;2024091205;8.5;-;-;0.0;0
BAS;2024091206;9.3;-;-;0.0;13
BAS;2024091207;10.2;-;-;0.0;17
BAS;2024091208;11.2;-;-;0.0;24
BAS;2024091209;12.1;-;-;0.0;28
BAS;2024091210;12.8;-;-;0.0;25
BAS;2024091211;13.4;-;-;0.0;25
BAS;2024091212;13.7;-;-;0.0;26
BAS;2024091213;13.8;-;-;0.0;25
BAS;2024091214;13.6;-;-;0.0;26
BAS;2024091215;13.2;-;-;0.0;27
BAS;2024091216;12.6;-;-;0.0;22
BAS;2024091217;11.8;-;-;0.0;20
BAS;2024091218;10.9;-;-;0.0;4
BAS;2024091219;10.0;-;-;0.0;0
BAS;2024091220;9.1;-;-;0.0;0
BAS;2024091221;8.3;-;-;0.0;0
BAS;2024091222;7.5;-;-;0.0;0
BAS;2024091223;6.9;-;-;0.0;0
BAS;2024091300;6.4;13.2;5.8;0.0;0
BAS;2024091301;6.0;-;-;0.0;0
BAS;2024091302;5.8;-;-;0.0;0
BAS;2024091303;5.8;-;-;0.0;0
BAS;2024091304;6.0;-;-;0.0;0
BAS;2024091305;6.5;-;-;0.0;0
BAS;2024091306;7.4;-;-;0.0;8
BAS;2024091307;8.4;-;-;0.0;9
BAS;2024091308;9.5;-;-;0.0;11
BAS;2024091309;10.5;-;-;0.0;11
BAS;2024091310;11.5;-;-;0.0;10
BAS;2024091311;12.3;-;-;0.0;12
BAS;2024091312;12.8;-;-;0.0;12
BAS;2024091313;13.1;-;-;0.0;12
BAS;2024091314;13.2;-;-;0.0;12
BAS;2024091315;13.1;-;-;0.0;11
BAS;2024091316;12.7;-;-;0.0;12
BAS;2024091317;12.2;-;-;0.0;13
BAS;2024091318;11.5;-;-;0.0;2
BAS;2024091319;10.8;-;-;0.0;0
BAS;2024091320;10.1;-;-;0.0;0
BAS;2024091321;9.5;-;-;0.0;0
BAS;2024091322;9.0;-;-;0.0;0
BAS;2024091323;8.6;-;-;0.0;0
BAS;2024091400;8.2;13.7;7.0;0.0;0
BAS;2024091401;7.8;-;-;0.0;0
BAS;2024091402;7.4;-;-;0.0;0
BAS;2024091403;7.1;-;-;0.0;0
BAS;2024091404;7.0;-;-;0.0;0
BAS;2024091405;7.2;-;-;0.0;0
BAS;2024091406;7.8;-;-;0.0;21
BAS;2024091407;8.7;-;-;0.0;23
BAS;2024091408;9.7;-;-;0.0;27
BAS;2024091409;10.8;-;-;0.0;29
BAS;2024091410;11.7;-;-;0.0;24
BAS;2024091411;12.6;-;-;0.0;21
BAS;2024091412;13.2;-;-;0.0;21
BAS;2024091413;13.6;-;-;0.0;20
BAS;2024091414;13.7;-;-;0.0;18
BAS;2024091415;13.6;-;-;0.0;22
BAS;2024091416;13.2;-;-;0.0;33
BAS;2024091417;12.5;-;-;0.0;35
BAS;2024091418;11.8;-;-;0.0;0
BAS;2024091419;10.9;-;-;0.0;0
BAS;2024091420;10.0;-;-;0.0;0
BAS;2024091421;9.1;-;-;0.0;0
BAS;2024091422;8.3;-;-;0.0;0
BAS;2024091423;7.6;-;-;0.0;0
BAS;2024091500;6.9;16.2;5.5;0.0;0
BAS;2024091501;6.3;-;-;0.0;0
BAS;2024091502;5.8;-;-;0.0;0
BAS;2024091503;5.5;-;-;0.0;0
BAS;2024091504;5.6;-;-;0.0;0
BAS;2024091505;6.1;-;-;0.0;0
BAS;2024091506;7.2;-;-;0.0;21
BAS;2024091507;8.6;-;-;0.0;60
BAS;2024091508;10.3;-;-;0.0;59
BAS;2024091509;12.0;-;-;0.0;59
BAS;2024091510;13.5;-;-;0.0;55
BAS;2024091511;14.8;-;-;0.0;46
BAS;2024091512;15.7;-;-;0.0;40
BAS;2024091513;16.2;-;-;0.0;40
BAS;2024091514;16.2;-;-;0.0;44
BAS;2024091515;15.8;-;-;0.0;47
BAS;2024091516;15.1;-;-;0.0;45
BAS;2024091517;14.1;-;-;0.0;43
BAS;2024091518;12.9;-;-;0.0;0
BAS;2024091519;11.7;-;-;0.0;0
BAS;2024091520;10.6;-;-;0.0;0
BAS;2024091521;9.7;-;-;0.0;0
BAS;2024091522;9.0;-;-;0.0;0
BAS;2024091523;8.6;-;-;0.0;0
BAS;2024091600;8.3;17.4;8.1;0.0;0
BAS;2024091601;8.1;-;-;0.0;0
BAS;2024091602;8.1;-;-;0.0;0
BAS;2024091603;8.3;-;-;0.0;0
BAS;2024091604;8.7;-;-;0.0;0
BAS;2024091605;9.3;-;-;0.0;0
BAS;2024091606;10.2;-;-;0.0;19
BAS;2024091607;11.3;-;-;0.0;29
BAS;2024091608;12.6;-;-;0.0;34
BAS;2024091609;14.0;-;-;0.0;36
BAS;2024091610;15.2;-;-;0.0;33
BAS;2024091611;16.3;-;-;0.0;25
BAS;2024091612;17.0;-;-;0.0;24
BAS;2024091613;17.4;-;-;0.0;28
BAS;2024091614;17.4;-;-;0.0;26
BAS;2024091615;17.1;-;-;0.0;23
BAS;2024091616;16.5;-;-;0.0;20
BAS;2024091617;15.6;-;-;0.0;17
BAS;2024091618;14.7;-;-;0.0;0
BAS;2024091619;13.7;-;-;0.0;0
BAS;2024091620;12.8;-;-;0.0;0
BAS;2024091621;12.0;-;-;0.0;0
BAS;2024091622;11.3;-;-;0.0;0
BAS;2024091623;10.7;-;-;0.0;0
BAS;2024091700;10.2;18.1;9.5;0.0;0
BAS;2024091701;9.8;-;-;0.0;0
BAS;2024091702;9.5;-;-;0.0;0
BAS;2024091703;9.5;-;-;0.0;0
BAS;2024091704;9.7;-;-;0.0;0
BAS;2024091705;10.3;-;-;0.0;0
BAS;2024091706;11.1;-;-;0.0;22
BAS;2024091707;12.2;-;-;0.0;30
BAS;2024091708;13.5;-;-;0.0;28
BAS;2024091709;14.8;-;-;0.0;25
BAS;2024091710;16.0;-;-;0.0;25
BAS;2024091711;17.0;-;-;0.0;23
BAS;2024091712;17.7;-;-;0.0;20
BAS;2024091713;18.1;-;-;0.0;21
BAS;2024091714;18.1;-;-;0.0;24
BAS;2024091715;17.9;-;-;0.0;28
BAS;2024091716;17.3;-;-;0.0;30
BAS;2024091717;16.6;-;-;0.0;33
BAS;2024091718;15.7;-;-;0.0;0
BAS;2024091719;14.7;-;-;0.0;0
BAS;2024091720;13.8;-;-;0.0;0
BAS;2024091721;12.9;-;-;0.0;0
BAS;2024091722;12.1;-;-;0.0;0
BAS;2024091723;11.4;-;-;0.0;0
BAS;2024091800;10.7;19.1;9.7;0.0;0
BER;2024091100;10.2;15.5;9.0;0.0;0
BER;2024091101;9.9;-;-;0.0;0
BER;2024091102;9.8;-;-;0.0;0
BER;2024091103;10.0;-;-;0.0;0
BER;2024091104;10.4;-;-;0.0;0
BER;2024091105;11.1;-;-;0.0;0
BER;2024091106;12.0;-;-;0.0;14
BER;2024091107;12.9;-;-;0.0;21
BER;2024091108;13.8;-;-;0.0;19
BER;2024091109;14.5;-;-;0.0;12
BER;2024091110;15.1;-;-;0.0;6
BER;2024091111;15.4;-;-;0.0;3
BER;2024091112;15.5;-;-;0.0;2
BER;2024091113;15.4;-;-;0.1;3
BER;2024091114;15.1;-;-;0.7;2
BER;2024091115;14.7;-;-;1.1;2
BER;2024091116;14.0;-;-;1.4;2
BER;2024091117;13.2;-;-;2.0;1
BER;2024091118;12.3;-;-;2.2;0
BER;2024091119;11.3;-;-;1.7;0
BER;2024091120;10.4;-;-;1.5;0
BER;2024091121;9.6;-;-;1.2;0
BER;2024091122;9.0;-;-;0.9;0
BER;2024091123;8.5;-;-;0.5;0
BER;2024091200;8.1;12.0;6.5;0.3;0
BER;2024091201;7.8;-;-;0.0;0
BER;2024091202;7.7;-;-;0.0;0
BER;2024091203;7.7;-;-;0.0;0
BER;2024091204;7.9;-;-;0.0;0
BER;2024091205;8.2;-;-;0.0;0
BER;2024091206;8.7;-;-;0.0;5
BER;2024091207;9.3;-;-;0.0;6
BER;2024091208;10.0;-;-;0.0;9
BER;2024091209;10.7;-;-;0.0;9
BER;2024091210;11.3;-;-;0.0;7
BER;2024091211;11.7;-;-;0.0;8
BER;2024091212;12.0;-;-;0.0;9
BER;2024091213;12.0;-;-;0.0;8
BER;2024091214;11.8;-;-;0.0;8
BER;2024091215;11.4;-;-;0.0;12
BER;2024091216;10.8;-;-;0.0;15
BER;2024091217;10.1;-;-;0.0;14
BER;2024091218;9.3;-;-;0.0;15
BER;2024091219;8.5;-;-;0.0;0
BER;2024091220;7.8;-;-;0.0;0
BER;2024091221;7.1;-;-;0.0;0
BER;2024091222;6.5;-;-;0.0;0
BER;2024091223;5.9;-;-;0.0;0
BER;2024091300;5.4;11.4;4.8;0.0;0
BER;2024091301;5.1;-;-;0.0;0
BER;2024091302;4.8;-;-;0.0;0
BER;2024091303;4.8;-;-;0.0;0
BER;2024091304;5.0;-;-;0.0;0
BER;2024091305;5.6;-;-;0.0;0
BER;2024091306;6.3;-;-;0.0;6
BER;2024091307;7.3;-;-;0.0;8
BER;2024091308;8.3;-;-;0.0;11
BER;2024091309;9.3;-;-;0.0;8
BER;2024091310;10.1;-;-;0.0;4
BER;2024091311;10.7;-;-;0.0;4
BER;2024091312;11.2;-;-;0.0;5
BER;2024091313;11.4;-;-;0.0;7
BER;2024091314;11.4;-;-;0.0;8
BER;2024091315;11.2;-;-;0.0;8
BER;2024091316;10.8;-;-;0.0;9
BER;2024091317;10.3;-;-;0.0;9
BER;2024091318;9.6;-;-;0.0;8
BER;2024091319;8.8;-;-;0.0;0
BER;2024091320;8.1;-;-;0.0;0
BER;2024091321;7.5;-;-;0.0;0
BER;2024091322;7.0;-;-;0.0;0
BER;2024091323;6.6;-;-;0.0;0
BER;2024091400;6.3;12.4;5.8;0.0;0
BER;2024091401;6.1;-;-;0.0;0
BER;2024091402;5.9;-;-;0.0;0
BER;2024091403;5.8;-;-;0.0;0
BER;2024091404;5.9;-;-;0.0;0
BER;2024091405;6.3;-;-;0.0;0
BER;2024091406;6.9;-;-;0.0;10
BER;2024091407;7.8;-;-;0.0;38
BER;2024091408;8.8;-;-;0.0;41
BER;2024091409;9.8;-;-;0.0;34
BER;2024091410;10.7;-;-;0.0;30
BER;2024091411;11.5;-;-;0.0;28
BER;2024091412;12.1;-;-;0.0;25
BER;2024091413;12.4;-;-;0.0;27
BER;2024091414;12.4;-;-;0.0;31
BER;2024091415;12.1;-;-;0.0;32
BER;2024091416;11.5;-;-;0.0;33
BER;2024091417;10.7;-;-;0.0;41
BER;2024091418;9.8;-;-;0.0;24
BER;2024091419;8.8;-;-;0.0;0
BER;2024091420;7.9;-;-;0.0;0
BER;2024091421;7.0;-;-;0.0;0
BER;2024091422;6.2;-;-;0.0;0
BER;2024091423;5.4;-;-;0.0;0
BER;2024091500;4.8;14.9;3.7;0.0;0
BER;2024091501;4.2;-;-;0.0;0
BER;2024091502;3.8;-;-;0.0;0
BER;2024091503;3.7;-;-;0.0;0
BER;2024091504;3.9;-;-;0.0;0
BER;2024091505;4.6;-;-;0.0;0
BER;2024091506;5.7;-;-;0.0;9
BER;2024091507;7.2;-;-;0.0;59
BER;2024091508;8.9;-;-;0.0;56
BER;2024091509;10.7;-;-;0.0;52
BER;2024091510;12.3;-;-;0.0;49
BER;2024091511;13.6;-;-;0.0;46
BER;2024091512;14.4;-;-;0.0;49
BER;2024091513;14.9;-;-;0.0;52
BER;2024091514;14.9;-;-;0.0;52
BER;2024091515;14.4;-;-;0.0;53
BER;2024091516;13.7;-;-;0.0;51
BER;2024091517;12.7;-;-;0.0;47
BER;2024091518;11.5;-;-;0.0;22
BER;2024091519;10.3;-;-;0.0;0
BER;2024091520;9.1;-;-;0.0;0
BER;2024091521;8.2;-;-;0.0;0
BER;2024091522;7.4;-;-;0.0;0
BER;2024091523;6.9;-;-;0.0;0
BER;2024091600;6.5;16.3;6.2;0.0;0
BER;2024091601;6.3;-;-;0.0;0
BER;2024091602;6.2;-;-;0.0;0
BER;2024091603;6.4;-;-;0.0;0
BER;2024091604;6.8;-;-;0.0;0
BER;2024091605;7.4;-;-;0.0;0
BER;2024091606;8.4;-;-;0.0;8
BER;2024091607;9.7;-;-;0.0;30
BER;2024091608;11.2;-;-;0.0;35
BER;2024091609;12.7;-;-;0.0;39
BER;2024091610;14.1;-;-;0.0;44
BER;2024091611;15.2;-;-;0.0;42
BER;2024091612;15.9;-;-;0.0;43
BER;2024091613;16.3;-;-;0.0;46
BER;2024091614;16.2;-;-;0.0;43
BER;2024091615;15.8;-;-;0.0;40
BER;2024091616;15.1;-;-;0.0;38
BER;2024091617;14.2;-;-;0.0;38
BER;2024091618;13.3;-;-;0.0;20
BER;2024091619;12.3;-;-;0.0;0
BER;2024091620;11.3;-;-;0.0;0
BER;2024091621;10.5;-;-;0.0;0
BER;2024091622;9.7;-;-;0.0;0
BER;2024091623;9.1;-;-;0.0;0
BER;2024091700;8.6;16.8;7.9;0.0;0
BER;2024091701;8.2;-;-;0.0;0
BER;2024091702;7.9;-;-;0.0;0
BER;2024091703;7.9;-;-;0.0;0
BER;2024091704;8.2;-;-;0.0;0
BER;2024091705;8.8;-;-;0.0;0
BER;2024091706;9.8;-;-;0.0;7
BER;2024091707;11.0;-;-;0.0;41
BER;2024091708;12.3;-;-;0.0;28
BER;2024091709;13.7;-;-;0.0;22
BER;2024091710;14.9;-;-;0.0;26
BER;2024091711;15.8;-;-;0.0;27
BER;2024091712;16.5;-;-;0.0;24
BER;2024091713;16.8;-;-;0.0;23
BER;2024091714;16.8;-;-;0.0;25
BER;2024091715;16.5;-;-;0.0;27
BER;2024091716;15.9;-;-;0.0;34
BER;2024091717;15.1;-;-;0.0;41
BER;2024091718;14.2;-;-;0.0;19
BER;2024091719;13.3;-;-;0.0;0
BER;2024091720;12.4;-;-;0.0;0
BER;2024091721;11.5;-;-;0.0;0
BER;2024091722;10.8;-;-;0.0;0
BER;2024091723;10.1;-;-;0.0;0
BER;2024091800;9.4;18.4;8.4;0.0;0
DAV;2024091100;5.8;12.5;4.6;0.0;0
DAV;2024091101;5.2;-;-;0.0;0
DAV;2024091102;4.8;-;-;0.0;0
DAV;2024091103;4.6;-;-;0.0;0
DAV;2024091104;4.8;-;-;0.0;0
DAV;2024091105;5.5;-;-;0.0;0
DAV;2024091106;6.5;-;-;0.0;3
DAV;2024091107;7.9;-;-;0.0;59
DAV;2024091108;9.4;-;-;0.0;52
DAV;2024091109;10.7;-;-;0.0;47
DAV;2024091110;11.7;-;-;0.0;45
DAV;2024091111;12.3;-;-;0.0;28
DAV;2024091112;12.5;-;-;0.0;14
DAV;2024091113;12.2;-;-;0.0;10
DAV;2024091114;11.5;-;-;0.0;7
DAV;2024091115;10.7;-;-;0.0;5
DAV;2024091116;9.9;-;-;0.0;2
DAV;2024091117;9.0;-;-;0.0;1
DAV;2024091118;8.3;-;-;0.3;0
DAV;2024091119;7.6;-;-;0.6;0
DAV;2024091120;6.9;-;-;0.9;0
DAV;2024091121;6.1;-;-;0.9;0
DAV;2024091122;5.4;-;-;0.7;0
DAV;2024091123;4.6;-;-;0.7;0
DAV;2024091200;3.8;4.6;0.5;0.8;0
DAV;2024091201;3.1;-;-;0.7;0
DAV;2024091202;2.5;-;-;0.8;0
DAV;2024091203;2.1;-;-;0.6;0
DAV;2024091204;2.0;-;-;0.6;0
DAV;2024091205;2.0;-;-;0.5;0
DAV;2024091206;2.2;-;-;0.4;0
DAV;2024091207;2.6;-;-;0.2;0
DAV;2024091208;3.0;-;-;0.1;1
DAV;2024091209;3.3;-;-;0.0;1
DAV;2024091210;3.6;-;-;0.0;1
DAV;2024091211;3.8;-;-;0.0;1
DAV;2024091212;3.9;-;-;0.0;1
DAV;2024091213;3.8;-;-;0.0;1
DAV;2024091214;3.6;-;-;0.0;1
DAV;2024091215;3.3;-;-;0.0;1
DAV;2024091216;2.8;-;-;0.0;1
DAV;2024091217;2.3;-;-;0.1;1
DAV;2024091218;1.8;-;-;0.0;0
DAV;2024091219;1.4;-;-;0.0;0
DAV;2024091220;1.0;-;-;0.1;0
DAV;2024091221;0.7;-;-;0.0;0
DAV;2024091222;0.5;-;-;0.0;0
DAV;2024091223;0.3;-;-;0.1;0
DAV;2024091300;0.2;2.7;0.0;0.2;0
DAV;2024091301;0.2;-;-;0.2;0
DAV;2024091302;0.1;-;-;0.3;0
DAV;2024091303;0.0;-;-;0.2;0
DAV;2024091304;0.1;-;-;0.2;0
DAV;2024091305;0.1;-;-;0.2;0
DAV;2024091306;0.3;-;-;0.2;1
DAV;2024091307;0.6;-;-;0.2;1
DAV;2024091308;1.0;-;-;0.3;1
DAV;2024091309;1.5;-;-;0.4;0
DAV;2024091310;1.9;-;-;0.4;0
DAV;2024091311;2.4;-;-;0.2;0
DAV;2024091312;2.6;-;-;0.4;0
DAV;2024091313;2.7;-;-;0.3;0
DAV;2024091314;2.6;-;-;0.2;0
DAV;2024091315;2.3;-;-;0.4;1
DAV;2024091316;1.8;-;-;0.5;1
DAV;2024091317;1.3;-;-;0.4;0
DAV;2024091318;0.9;-;-;0.4;0
DAV;2024091319;0.5;-;-;0.4;0
DAV;2024091320;0.3;-;-;0.5;0
DAV;2024091321;0.1;-;-;0.4;0
DAV;2024091322;0.0;-;-;0.5;0
DAV;2024091323;-0.1;-;-;0.3;0
DAV;2024091400;-0.2;3.7;-0.3;0.3;0
DAV;2024091401;-0.2;-;-;0.4;0
DAV;2024091402;-0.3;-;-;0.4;0
DAV;2024091403;-0.2;-;-;0.4;0
DAV;2024091404;-0.1;-;-;0.3;0
DAV;2024091405;0.1;-;-;0.4;0
DAV;2024091406;0.5;-;-;0.4;0
DAV;2024091407;0.9;-;-;0.3;1
DAV;2024091408;1.4;-;-;0.2;2
DAV;2024091409;2.0;-;-;0.1;3
DAV;2024091410;2.5;-;-;0.0;4
DAV;2024091411;3.0;-;-;0.0;4
DAV;2024091412;3.4;-;-;0.0;3
DAV;2024091413;3.7;-;-;0.0;3
DAV;2024091414;3.7;-;-;0.0;5
DAV;2024091415;3.6;-;-;0.0;4
DAV;2024091416;3.3;-;-;0.0;5
DAV;2024091417;2.8;-;-;0.0;7
DAV;2024091418;2.2;-;-;0.0;0
DAV;2024091419;1.6;-;-;0.0;0
DAV;2024091420;1.1;-;-;0.0;0
DAV;2024091421;0.7;-;-;0.0;0
DAV;2024091422;0.3;-;-;0.0;0
DAV;2024091423;0.1;-;-;0.0;0
DAV;2024091500;0.0;8.3;-0.1;0.0;0
DAV;2024091501;-0.1;-;-;0.0;0
DAV;2024091502;-0.1;-;-;0.0;0
DAV;2024091503;-0.1;-;-;0.0;0
DAV;2024091504;0.1;-;-;0.0;0
DAV;2024091505;0.5;-;-;0.0;0
DAV;2024091506;1.2;-;-;0.0;3
DAV;2024091507;2.0;-;-;0.0;38
DAV;2024091508;3.1;-;-;0.0;39
DAV;2024091509;4.4;-;-;0.0;44
DAV;2024091510;5.7;-;-;0.0;47
DAV;2024091511;6.9;-;-;0.0;42
DAV;2024091512;7.8;-;-;0.0;44
DAV;2024091513;8.3;-;-;0.0;49
DAV;2024091514;8.3;-;-;0.0;46
DAV;2024091515;7.8;-;-;0.0;44
DAV;2024091516;6.8;-;-;0.0;41
DAV;2024091517;5.6;-;-;0.0;6
DAV;2024091518;4.3;-;-;0.0;0
DAV;2024091519;3.1;-;-;0.0;0
DAV;2024091520;2.2;-;-;0.0;0
DAV;2024091521;1.6;-;-;0.0;0
DAV;2024091522;1.2;-;-;0.0;0
DAV;2024091523;1.0;-;-;0.0;0
DAV;2024091600;0.9;8.4;0.9;0.0;0
DAV;2024091601;0.9;-;-;0.0;0
DAV;2024091602;0.9;-;-;0.0;0
DAV;2024091603;1.1;-;-;0.0;0
DAV;2024091604;1.3;-;-;0.0;0
DAV;2024091605;1.8;-;-;0.0;0
DAV;2024091606;2.5;-;-;0.0;2
DAV;2024091607;3.5;-;-;0.0;7
DAV;2024091608;4.6;-;-;0.0;7
DAV;2024091609;5.9;-;-;0.0;9
DAV;2024091610;7.0;-;-;0.0;9
DAV;2024091611;7.8;-;-;0.0;6
DAV;2024091612;8.3;-;-;0.0;3
DAV;2024091613;8.4;-;-;0.0;2
DAV;2024091614;8.2;-;-;0.0;3
DAV;2024091615;7.6;-;-;0.0;4
DAV;2024091616;6.9;-;-;0.0;2
DAV;2024091617;6.1;-;-;0.0;1
DAV;2024091618;5.3;-;-;0.0;0
DAV;2024091619;4.5;-;-;0.0;0
DAV;2024091620;3.9;-;-;0.0;0
DAV;2024091621;3.4;-;-;0.0;0
DAV;2024091622;3.1;-;-;0.0;0
DAV;2024091623;2.9;-;-;0.0;0
DAV;2024091700;2.7;10.6;2.7;0.0;0
DAV;2024091701;2.7;-;-;0.0;0
DAV;2024091702;2.7;-;-;0.0;0
DAV;2024091703;2.7;-;-;0.0;0
DAV;2024091704;2.9;-;-;0.0;0
DAV;2024091705;3.4;-;-;0.0;0
DAV;2024091706;4.0;-;-;0.0;1
DAV;2024091707;4.9;-;-;0.0;9
DAV;2024091708;6.1;-;-;0.0;12
DAV;2024091709;7.3;-;-;0.0;12
DAV;2024091710;8.5;-;-;0.0;10
DAV;2024091711;9.6;-;-;0.0;10
DAV;2024091712;10.3;-;-;0.0;9
DAV;2024091713;10.6;-;-;0.0;10
DAV;2024091714;10.4;-;-;0.0;11
DAV;2024091715;9.9;-;-;0.0;12
DAV;2024091716;9.1;-;-;0.0;11
DAV;2024091717;8.2;-;-;0.0;2
DAV;2024091718;7.1;-;-;0.0;0
DAV;2024091719;6.2;-;-;0.0;0
DAV;2024091720;5.4;-;-;0.0;0
DAV;2024091721;4.8;-;-;0.0;0
DAV;2024091722;4.4;-;-;0.0;0
DAV;2024091723;4.1;-;-;0.0;0
DAV;2024091800;3.9;13.0;3.7;0.0;0
GVE;2024091100;11.2;16.4;10.5;0.0;0
GVE;2024091101;10.8;-;-;0.0;0
GVE;2024091102;10.5;-;-;0.0;0
GVE;2024091103;10.5;-;-;0.0;0
GVE;2024091104;10.8;-;-;0.0;0
GVE;2024091105;11.4;-;-;0.0;0
GVE;2024091106;12.2;-;-;0.0;0
GVE;2024091107;13.1;-;-;0.0;23
GVE;2024091108;14.1;-;-;0.0;33
GVE;2024091109;15.0;-;-;0.0;18
GVE;2024091110;15.6;-;-;0.0;2
GVE;2024091111;16.1;-;-;0.0;1
GVE;2024091112;16.3;-;-;0.0;2
GVE;2024091113;16.4;-;-;0.0;2
GVE;2024091114;16.2;-;-;0.1;2
GVE;2024091115;15.9;-;-;0.4;3
GVE;2024091116;15.4;-;-;0.8;2
GVE;2024091117;14.9;-;-;1.4;1
GVE;2024091118;14.2;-;-;1.6;0
GVE;2024091119;13.5;-;-;1.3;0
GVE;2024091120;12.8;-;-;1.0;0
GVE;2024091121;12.1;-;-;0.6;0
GVE;2024091122;11.3;-;-;0.2;0
GVE;2024091123;10.7;-;-;0.0;0
GVE;2024091200;10.0;14.9;8.2;0.0;0
GVE;2024091201;9.5;-;-;0.0;0
GVE;2024091202;9.1;-;-;0.0;0
GVE;2024091203;8.8;-;-;0.0;0
GVE;2024091204;8.9;-;-;0.0;0
GVE;2024091205;9.3;-;-;0.0;0
GVE;2024091206;10.0;-;-;0.0;0
GVE;2024091207;11.0;-;-;0.0;24
GVE;2024091208;12.1;-;-;0.0;35
GVE;2024091209;13.1;-;-;0.0;33
GVE;2024091210;13.9;-;-;0.0;24
GVE;2024091211;14.5;-;-;0.0;22
GVE;2024091212;14.9;-;-;0.0;29
GVE;2024091213;14.9;-;-;0.0;35
GVE;2024091214;14.7;-;-;0.0;36
GVE;2024091215;14.2;-;-;0.0;37
GVE;2024091216;13.5;-;-;0.0;40
GVE;2024091217;12.7;-;-;0.0;40
GVE;2024091218;11.8;-;-;0.0;19
GVE;2024091219;10.8;-;-;0.0;0
GVE;2024091220;9.9;-;-;0.0;0
GVE;2024091221;9.0;-;-;0.0;0
GVE;2024091222;8.2;-;-;0.0;0
GVE;2024091223;7.5;-;-;0.0;0
GVE;2024091300;6.9;13.4;6.0;0.0;0
GVE;2024091301;6.4;-;-;0.0;0
GVE;2024091302;6.1;-;-;0.0;0
GVE;2024091303;6.0;-;-;0.0;0
GVE;2024091304;6.2;-;-;0.0;0
GVE;2024091305;6.7;-;-;0.0;0
GVE;2024091306;7.5;-;-;0.0;0
GVE;2024091307;8.6;-;-;0.0;25
GVE;2024091308;9.8;-;-;0.0;28
GVE;2024091309;10.9;-;-;0.0;24
GVE;2024091310;11.9;-;-;0.0;23
GVE;2024091311;12.6;-;-;0.0;21
GVE;2024091312;13.1;-;-;0.0;20
GVE;2024091313;13.4;-;-;0.0;21
GVE;2024091314;13.4;-;-;0.0;23
GVE;2024091315;13.2;-;-;0.0;29
GVE;2024091316;12.9;-;-;0.0;24
GVE;2024091317;12.3;-;-;0.0;23
GVE;2024091318;11.6;-;-;0.0;17
GVE;2024091319;10.8;-;-;0.0;0
GVE;2024091320;10.0;-;-;0.0;0
GVE;2024091321;9.3;-;-;0.0;0
GVE;2024091322;8.6;-;-;0.0;0
GVE;2024091323;8.0;-;-;0.0;0
GVE;2024091400;7.5;15.3;6.6;0.0;0
GVE;2024091401;7.0;-;-;0.0;0
GVE;2024091402;6.7;-;-;0.0;0
GVE;2024091403;6.6;-;-;0.0;0
GVE;2024091404;6.8;-;-;0.0;0
GVE;2024091405;7.3;-;-;0.0;0
GVE;2024091406;8.2;-;-;0.0;0
GVE;2024091407;9.3;-;-;0.0;47
GVE;2024091408;10.6;-;-;0.0;57
GVE;2024091409;11.9;-;-;0.0;52
GVE;2024091410;13.1;-;-;0.0;53
GVE;2024091411;14.1;-;-;0.0;57
GVE;2024091412;14.8;-;-;0.0;56
GVE;2024091413;15.2;-;-;0.0;56
GVE;2024091414;15.3;-;-;0.0;58
GVE;2024091415;15.1;-;-;0.0;59
GVE;2024091416;14.6;-;-;0.0;57
GVE;2024091417;13.9;-;-;0.0;58
GVE;2024091418;13.0;-;-;0.0;15
GVE;2024091419;12.1;-;-;0.0;0
GVE;2024091420;11.1;-;-;0.0;0
GVE;2024091421;10.2;-;-;0.0;0
GVE;2024091422;9.4;-;-;0.0;0
GVE;2024091423;8.8;-;-;0.0;0
GVE;2024091500;8.2;17.1;7.2;0.0;0
GVE;2024091501;7.7;-;-;0.0;0
GVE;2024091502;7.4;-;-;0.0;0
GVE;2024091503;7.2;-;-;0.0;0
GVE;2024091504;7.3;-;-;0.0;0
GVE;2024091505;7.7;-;-;0.0;0
GVE;2024091506;8.6;-;-;0.0;0
GVE;2024091507;9.8;-;-;0.0;45
GVE;2024091508;11.2;-;-;0.0;57
GVE;2024091509;12.7;-;-;0.0;57
GVE;2024091510;14.2;-;-;0.0;56
GVE;2024091511;15.4;-;-;0.0;56
GVE;2024091512;16.4;-;-;0.0;57
GVE;2024091513;16.9;-;-;0.0;57
GVE;2024091514;17.1;-;-;0.0;55
GVE;2024091515;16.8;-;-;0.0;54
GVE;2024091516;16.3;-;-;0.0;53
GVE;2024091517;15.4;-;-;0.0;52
GVE;2024091518;14.3;-;-;0.0;14
GVE;2024091519;13.2;-;-;0.0;0
GVE;2024091520;12.1;-;-;0.0;0
GVE;2024091521;11.2;-;-;0.0;0
GVE;2024091522;10.4;-;-;0.0;0
GVE;2024091523;9.7;-;-;0.0;0
GVE;2024091600;9.2;18.5;8.4;0.0;0
GVE;2024091601;8.7;-;-;0.0;0
GVE;2024091602;8.5;-;-;0.0;0
GVE;2024091603;8.4;-;-;0.0;0
GVE;2024091604;8.7;-;-;0.0;0
GVE;2024091605;9.4;-;-;0.0;0
GVE;2024091606;10.5;-;-;0.0;0
GVE;2024091607;11.8;-;-;0.0;43
GVE;2024091608;13.3;-;-;0.0;49
GVE;2024091609;14.9;-;-;0.0;51
GVE;2024091610;16.3;-;-;0.0;49
GVE;2024091611;17.4;-;-;0.0;48
GVE;2024091612;18.1;-;-;0.0;49
GVE;2024091613;18.5;-;-;0.0;51
GVE;2024091614;18.5;-;-;0.0;51
GVE;2024091615;18.1;-;-;0.0;49
GVE;2024091616;17.5;-;-;0.0;47
GVE;2024091617;16.7;-;-;0.0;42
GVE;2024091618;15.7;-;-;0.0;11
GVE;2024091619;14.6;-;-;0.0;0
GVE;2024091620;13.7;-;-;0.0;0
GVE;2024091621;12.8;-;-;0.0;0
GVE;2024091622;12.0;-;-;0.0;0
GVE;2024091623;11.2;-;-;0.0;0
GVE;2024091700;10.6;18.9;9.7;0.0;0
GVE;2024091701;10.1;-;-;0.0;0
GVE;2024091702;9.8;-;-;0.0;0
GVE;2024091703;9.7;-;-;0.0;0
GVE;2024091704;9.9;-;-;0.0;0
GVE;2024091705;10.5;-;-;0.0;0
GVE;2024091706;11.4;-;-;0.0;0
GVE;2024091707;12.7;-;-;0.0;43
GVE;2024091708;14.1;-;-;0.0;55
GVE;2024091709;15.5;-;-;0.0;54
GVE;2024091710;16.8;-;-;0.0;55
GVE;2024091711;17.8;-;-;0.0;54
GVE;2024091712;18.5;-;-;0.0;50
GVE;2024091713;18.9;-;-;0.0;48
GVE;2024091714;18.9;-;-;0.0;49
GVE;2024091715;18.6;-;-;0.0;49
GVE;2024091716;18.0;-;-;0.0;52
GVE;2024091717;17.2;-;-;0.0;58
GVE;2024091718;16.3;-;-;0.0;9
GVE;2024091719;15.4;-;-;0.0;0
GVE;2024091720;14.4;-;-;0.0;0
GVE;2024091721;13.6;-;-;0.0;0
GVE;2024091722;12.9;-;-;0.0;0
GVE;2024091723;12.3;-;-;0.0;0
GVE;2024091800;11.7;20.3;10.8;0.0;0
GRE;2024091100;11.1;15.2;9.9;0.0;0
GRE;2024091101;10.6;-;-;0.0;0
GRE;2024091102;10.2;-;-;0.0;0
GRE;2024091103;10.0;-;-;0.0;0
GRE;2024091104;10.3;-;-;0.0;0
GRE;2024091105;10.8;-;-;0.0;0
GRE;2024091106;11.5;-;-;0.0;5
GRE;2024091107;12.3;-;-;0.0;12
GRE;2024091108;13.2;-;-;0.0;14
GRE;2024091109;13.9;-;-;0.0;9
GRE;2024091110;14.5;-;-;0.0;3
GRE;2024091111;14.9;-;-;0.0;2
GRE;2024091112;15.1;-;-;0.0;1
GRE;2024091113;15.2;-;-;0.2;1
GRE;2024091114;15.0;-;-;0.6;1
GRE;2024091115;14.7;-;-;1.1;1
GRE;2024091116;14.2;-;-;1.8;1
GRE;2024091117;13.6;-;-;1.8;1
GRE;2024091118;12.8;-;-;1.2;0
GRE;2024091119;12.0;-;-;1.0;0
GRE;2024091120;11.2;-;-;1.0;0
GRE;2024091121;10.5;-;-;0.7;0
GRE;2024091122;9.9;-;-;0.3;0
GRE;2024091123;9.4;-;-;0.1;0
GRE;2024091200;9.0;13.4;6.7;0.0;0
GRE;2024091201;8.8;-;-;0.0;0
GRE;2024091202;8.6;-;-;0.0;0
GRE;2024091203;8.6;-;-;0.0;0
GRE;2024091204;8.8;-;-;0.0;0
GRE;2024091205;9.2;-;-;0.0;0
GRE;2024091206;9.7;-;-;0.0;12
GRE;2024091207;10.4;-;-;0.0;22
GRE;2024091208;11.2;-;-;0.0;23
GRE;2024091209;11.9;-;-;0.0;19
GRE;2024091210;12.5;-;-;0.0;17
GRE;2024091211;13.0;-;-;0.0;20
GRE;2024091212;13.3;-;-;0.0;21
GRE;2024091213;13.4;-;-;0.0;23
GRE;2024091214;13.2;-;-;0.0;30
GRE;2024091215;12.8;-;-;0.0;37
GRE;2024091216;12.1;-;-;0.0;39
GRE;2024091217;11.2;-;-;0.0;37
GRE;2024091218;10.2;-;-;0.0;19
GRE;2024091219;9.2;-;-;0.0;0
GRE;2024091220;8.3;-;-;0.0;0
GRE;2024091221;7.4;-;-;0.0;0
GRE;2024091222;6.7;-;-;0.0;0
GRE;2024091223;6.2;-;-;0.0;0
GRE;2024091300;5.8;12.4;5.4;0.0;0
GRE;2024091301;5.5;-;-;0.0;0
GRE;2024091302;5.4;-;-;0.0;0
GRE;2024091303;5.5;-;-;0.0;0
GRE;2024091304;5.8;-;-;0.0;0
GRE;2024091305;6.4;-;-;0.0;0
GRE;2024091306;7.2;-;-;0.0;13
GRE;2024091307;8.2;-;-;0.0;13
GRE;2024091308;9.3;-;-;0.0;16
GRE;2024091309;10.3;-;-;0.0;14
GRE;2024091310;11.2;-;-;0.0;11
GRE;2024091311;11.8;-;-;0.0;10
GRE;2024091312;12.3;-;-;0.0;12
GRE;2024091313;12.4;-;-;0.0;15
GRE;2024091314;12.4;-;-;0.0;17
GRE;2024091315;12.1;-;-;0.0;22
GRE;2024091316;11.7;-;-;0.0;24
GRE;2024091317;11.1;-;-;0.0;22
GRE;2024091318;10.4;-;-;0.0;17
GRE;2024091319;9.6;-;-;0.0;0
GRE;2024091320;8.9;-;-;0.0;0
GRE;2024091321;8.2;-;-;0.0;0
GRE;2024091322;7.7;-;-;0.0;0
GRE;2024091323;7.3;-;-;0.0;0
GRE;2024091400;7.0;13.6;6.3;0.0;0
GRE;2024091401;6.7;-;-;0.0;0
GRE;2024091402;6.4;-;-;0.0;0
GRE;2024091403;6.3;-;-;0.0;0
GRE;2024091404;6.4;-;-;0.0;0
GRE;2024091405;6.7;-;-;0.0;0
GRE;2024091406;7.4;-;-;0.0;29
GRE;2024091407;8.4;-;-;0.0;38
GRE;2024091408;9.5;-;-;0.0;40
GRE;2024091409;10.7;-;-;0.0;39
GRE;2024091410;11.7;-;-;0.0;33
GRE;2024091411;12.6;-;-;0.0;29
GRE;2024091412;13.2;-;-;0.0;24
GRE;2024091413;13.5;-;-;0.0;24
GRE;2024091414;13.6;-;-;0.0;28
GRE;2024091415;13.2;-;-;0.0;35
GRE;2024091416;12.7;-;-;0.0;50
GRE;2024091417;11.8;-;-;0.0;59
GRE;2024091418;10.8;-;-;0.0;15
GRE;2024091419;9.8;-;-;0.0;0
GRE;2024091420;8.8;-;-;0.0;0
GRE;2024091421;7.8;-;-;0.0;0
GRE;2024091422;7.0;-;-;0.0;0
GRE;2024091423;6.2;-;-;0.0;0
GRE;2024091500;5.6;16.8;4.5;0.0;0
GRE;2024091501;5.0;-;-;0.0;0
GRE;2024091502;4.6;-;-;0.0;0
GRE;2024091503;4.5;-;-;0.0;0
GRE;2024091504;4.7;-;-;0.0;0
GRE;2024091505;5.4;-;-;0.0;0
GRE;2024091506;6.6;-;-;0.0;20
GRE;2024091507;8.2;-;-;0.0;59
GRE;2024091508;10.1;-;-;0.0;58
GRE;2024091509;12.1;-;-;0.0;58
GRE;2024091510;13.8;-;-;0.0;52
GRE;2024091511;15.3;-;-;0.0;46
GRE;2024091512;16.3;-;-;0.0;49
GRE;2024091513;16.8;-;-;0.0;52
GRE;2024091514;16.8;-;-;0.0;50
GRE;2024091515;16.4;-;-;0.0;50
GRE;2024091516;15.5;-;-;0.0;49
GRE;2024091517;14.3;-;-;0.0;44
GRE;2024091518;12.8;-;-;0.0;15
GRE;2024091519;11.3;-;-;0.0;0
GRE;2024091520;9.9;-;-;0.0;0
GRE;2024091521;8.8;-;-;0.0;0
GRE;2024091522;7.9;-;-;0.0;0
GRE;2024091523;7.3;-;-;0.0;0
GRE;2024091600;6.9;17.2;6.7;0.0;0
GRE;2024091601;6.7;-;-;0.0;0
GRE;2024091602;6.7;-;-;0.0;0
GRE;2024091603;6.9;-;-;0.0;0
GRE;2024091604;7.3;-;-;0.0;0
GRE;2024091605;8.1;-;-;0.0;0
GRE;2024091606;9.1;-;-;0.0;18
GRE;2024091607;10.4;-;-;0.0;28
GRE;2024091608;11.9;-;-;0.0;30
GRE;2024091609;13.5;-;-;0.0;37
GRE;2024091610;14.9;-;-;0.0;37
GRE;2024091611;16.1;-;-;0.0;31
GRE;2024091612;16.8;-;-;0.0;28
GRE;2024091613;17.2;-;-;0.0;33
GRE;2024091614;17.1;-;-;0.0;35
GRE;2024091615;16.7;-;-;0.0;33
GRE;2024091616;16.0;-;-;0.0;32
GRE;2024091617;15.1;-;-;0.0;29
GRE;2024091618;14.1;-;-;0.0;14
GRE;2024091619;13.1;-;-;0.0;0
GRE;2024091620;12.1;-;-;0.0;0
GRE;2024091621;11.3;-;-;0.0;0
GRE;2024091622;10.5;-;-;0.0;0
GRE;2024091623;9.9;-;-;0.0;0
GRE;2024091700;9.4;18.1;8.6;0.0;0
GRE;2024091701;8.9;-;-;0.0;0
GRE;2024091702;8.7;-;-;0.0;0
GRE;2024091703;8.6;-;-;0.0;0
GRE;2024091704;8.9;-;-;0.0;0
GRE;2024091705;9.5;-;-;0.0;0
GRE;2024091706;10.4;-;-;0.0;15
GRE;2024091707;11.7;-;-;0.0;30
GRE;2024091708;13.1;-;-;0.0;26
GRE;2024091709;14.5;-;-;0.0;22
GRE;2024091710;15.8;-;-;0.0;20
GRE;2024091711;16.9;-;-;0.0;17
GRE;2024091712;17.7;-;-;0.0;17
GRE;2024091713;18.1;-;-;0.0;17
GRE;2024091714;18.1;-;-;0.0;18
GRE;2024091715;17.8;-;-;0.0;24
GRE;2024091716;17.2;-;-;0.0;28
GRE;2024091717;16.3;-;-;0.0;33
GRE;2024091718;15.3;-;-;0.0;10
GRE;2024091719;14.3;-;-;0.0;0
GRE;2024091720;13.3;-;-;0.0;0
GRE;2024091721;12.3;-;-;0.0;0
GRE;2024091722;11.5;-;-;0.0;0
GRE;2024091723;10.7;-;-;0.0;0
GRE;2024091800;10.1;19.9;9.0;0.0;0
LUG;2024091100;16.8;23.1;15.0;0.0;0
LUG;2024091101;16.0;-;-;0.0;0
LUG;2024091102;15.3;-;-;0.0;0
LUG;2024091103;15.0;-;-;0.0;0
LUG;2024091104;15.2;-;-;0.0;0
LUG;2024091105;15.9;-;-;0.0;0
LUG;2024091106;16.9;-;-;0.0;20
LUG;2024091107;18.1;-;-;0.0;49
LUG;2024091108;19.5;-;-;0.0;30
LUG;2024091109;20.7;-;-;0.0;23
LUG;2024091110;21.8;-;-;0.0;30
LUG;2024091111;22.6;-;-;0.0;36
LUG;2024091112;23.0;-;-;0.0;26
LUG;2024091113;23.1;-;-;0.0;20
LUG;2024091114;22.9;-;-;0.0;21
LUG;2024091115;22.4;-;-;0.0;15
LUG;2024091116;21.7;-;-;0.0;8
LUG;2024091117;21.0;-;-;0.0;4
LUG;2024091118;20.1;-;-;0.0;1
LUG;2024091119;19.3;-;-;0.0;0
LUG;2024091120;18.4;-;-;0.0;0
LUG;2024091121;17.7;-;-;0.1;0
LUG;2024091122;16.9;-;-;0.2;0
LUG;2024091123;16.3;-;-;0.0;0
LUG;2024091200;15.7;21.7;14.4;0.0;0
LUG;2024091201;15.2;-;-;0.0;0
LUG;2024091202;14.8;-;-;0.0;0
LUG;2024091203;14.6;-;-;0.0;0
LUG;2024091204;14.7;-;-;0.0;0
LUG;2024091205;15.1;-;-;0.0;0
LUG;2024091206;15.9;-;-;0.0;2
LUG;2024091207;17.0;-;-;0.0;8
LUG;2024091208;18.2;-;-;0.0;16
LUG;2024091209;19.5;-;-;0.0;21
LUG;2024091210;20.5;-;-;0.0;27
LUG;2024091211;21.3;-;-;0.0;35
LUG;2024091212;21.7;-;-;0.0;41
LUG;2024091213;21.7;-;-;0.0;43
LUG;2024091214;21.3;-;-;0.0;36
LUG;2024091215;20.4;-;-;0.0;33
LUG;2024091216;19.3;-;-;0.0;36
LUG;2024091217;18.1;-;-;0.0;44
LUG;2024091218;17.0;-;-;0.0;8
LUG;2024091219;16.0;-;-;0.0;0
LUG;2024091220;15.3;-;-;0.0;0
LUG;2024091221;14.7;-;-;0.0;0
LUG;2024091222;14.4;-;-;0.0;0
LUG;2024091223;14.1;-;-;0.0;0
LUG;2024091300;14.0;20.1;13.6;0.0;0
LUG;2024091301;13.8;-;-;0.0;0
LUG;2024091302;13.7;-;-;0.0;0
LUG;2024091303;13.6;-;-;0.0;0
LUG;2024091304;13.6;-;-;0.0;0
LUG;2024091305;13.9;-;-;0.0;0
LUG;2024091306;14.3;-;-;0.0;14
LUG;2024091307;15.1;-;-;0.0;55
LUG;2024091308;16.1;-;-;0.0;48
LUG;2024091309;17.3;-;-;0.0;47
LUG;2024091310;18.4;-;-;0.0;53
LUG;2024091311;19.3;-;-;0.0;53
LUG;2024091312;19.9;-;-;0.0;50
LUG;2024091313;20.1;-;-;0.0;49
LUG;2024091314;19.8;-;-;0.0;53
LUG;2024091315;19.0;-;-;0.0;53
LUG;2024091316;18.0;-;-;0.0;52
LUG;2024091317;17.0;-;-;0.0;51
LUG;2024091318;16.1;-;-;0.0;8
LUG;2024091319;15.4;-;-;0.0;0
LUG;2024091320;15.0;-;-;0.0;0
LUG;2024091321;14.8;-;-;0.0;0
LUG;2024091322;14.8;-;-;0.0;0
LUG;2024091323;14.8;-;-;0.0;0
LUG;2024091400;14.7;20.8;13.7;0.0;0
LUG;2024091401;14.7;-;-;0.0;0
LUG;2024091402;14.7;-;-;0.0;0
LUG;2024091403;14.7;-;-;0.0;0
LUG;2024091404;14.8;-;-;0.0;0
LUG;2024091405;14.9;-;-;0.0;0
LUG;2024091406;15.2;-;-;0.0;13
LUG;2024091407;15.8;-;-;0.0;52
LUG;2024091408;16.6;-;-;0.0;56
LUG;2024091409;17.7;-;-;0.0;55
LUG;2024091410;18.8;-;-;0.0;52
LUG;2024091411;19.8;-;-;0.0;52
LUG;2024091412;20.5;-;-;0.0;51
LUG;2024091413;20.8;-;-;0.0;51
LUG;2024091414;20.6;-;-;0.0;54
LUG;2024091415;19.9;-;-;0.0;54
LUG;2024091416;18.9;-;-;0.0;49
LUG;2024091417;17.8;-;-;0.0;36
LUG;2024091418;16.6;-;-;0.0;6
LUG;2024091419;15.5;-;-;0.0;0
LUG;2024091420;14.7;-;-;0.0;0
LUG;2024091421;14.1;-;-;0.0;0
LUG;2024091422;13.7;-;-;0.0;0
LUG;2024091423;13.5;-;-;0.0;0
LUG;2024091500;13.3;22.4;13.0;0.0;0
LUG;2024091501;13.2;-;-;0.0;0
LUG;2024091502;13.0;-;-;0.0;0
LUG;2024091503;13.0;-;-;0.0;0
LUG;2024091504;13.1;-;-;0.0;0
LUG;2024091505;13.4;-;-;0.0;0
LUG;2024091506;14.0;-;-;0.0;12
LUG;2024091507;15.0;-;-;0.0;60
LUG;2024091508;16.3;-;-;0.0;60
LUG;2024091509;17.8;-;-;0.0;60
LUG;2024091510;19.4;-;-;0.0;60
LUG;2024091511;20.7;-;-;0.0;58
LUG;2024091512;21.8;-;-;0.0;58
LUG;2024091513;22.4;-;-;0.0;58
LUG;2024091514;22.4;-;-;0.0;56
LUG;2024091515;21.9;-;-;0.0;54
LUG;2024091516;21.0;-;-;0.0;50
LUG;2024091517;19.8;-;-;0.0;46
LUG;2024091518;18.6;-;-;0.0;4
LUG;2024091519;17.3;-;-;0.0;0
LUG;2024091520;16.3;-;-;0.0;0
LUG;2024091521;15.5;-;-;0.0;0
LUG;2024091522;14.9;-;-;0.0;0
LUG;2024091523;14.4;-;-;0.0;0
LUG;2024091600;14.0;21.7;13.6;0.0;0
LUG;2024091601;13.8;-;-;0.0;0
LUG;2024091602;13.6;-;-;0.0;0
LUG;2024091603;13.6;-;-;0.0;0
LUG;2024091604;13.7;-;-;0.0;0
LUG;2024091605;14.2;-;-;0.0;0
LUG;2024091606;14.9;-;-;0.0;11
LUG;2024091607;16.0;-;-;0.0;36
LUG;2024091608;17.2;-;-;0.0;43
LUG;2024091609;18.5;-;-;0.0;46
LUG;2024091610;19.8;-;-;0.0;46
LUG;2024091611;20.8;-;-;0.0;44
LUG;2024091612;21.4;-;-;0.0;45
LUG;2024091613;21.7;-;-;0.0;47
LUG;2024091614;21.6;-;-;0.0;45
LUG;2024091615;21.2;-;-;0.0;46
LUG;2024091616;20.5;-;-;0.0;42
LUG;2024091617;19.7;-;-;0.0;31
LUG;2024091618;18.8;-;-;0.0;3
LUG;2024091619;17.9;-;-;0.0;0
LUG;2024091620;17.0;-;-;0.0;0
LUG;2024091621;16.3;-;-;0.0;0
LUG;2024091622;15.6;-;-;0.0;0
LUG;2024091623;15.1;-;-;0.0;0
LUG;2024091700;14.6;22.3;13.8;0.0;0
LUG;2024091701;14.2;-;-;0.0;0
LUG;2024091702;13.9;-;-;0.0;0
LUG;2024091703;13.8;-;-;0.0;0
LUG;2024091704;13.9;-;-;0.0;0
LUG;2024091705;14.3;-;-;0.0;0
LUG;2024091706;15.1;-;-;0.0;10
LUG;2024091707;16.1;-;-;0.0;56
LUG;2024091708;17.4;-;-;0.0;56
LUG;2024091709;18.7;-;-;0.0;56
LUG;2024091710;20.0;-;-;0.0;55
LUG;2024091711;21.1;-;-;0.0;54
LUG;2024091712;21.9;-;-;0.0;54
LUG;2024091713;22.3;-;-;0.0;51
LUG;2024091714;22.2;-;-;0.0;46
LUG;2024091715;21.8;-;-;0.0;45
LUG;2024091716;21.1;-;-;0.0;42
LUG;2024091717;20.2;-;-;0.0;37
LUG;2024091718;19.3;-;-;0.0;1
LUG;2024091719;18.3;-;-;0.0;0
LUG;2024091720;17.4;-;-;0.0;0
LUG;2024091721;16.7;-;-;0.0;0
LUG;2024091722;16.0;-;-;0.0;0
LUG;2024091723;15.5;-;-;0.0;0
LUG;2024091800;15.0;21.7;14.3;0.0;0
LUZ;2024091100;11.7;17.1;9.6;0.0;0
LUZ;2024091101;11.4;-;-;0.0;0
LUZ;2024091102;11.3;-;-;0.0;0
LUZ;2024091103;11.4;-;-;0.0;0
LUZ;2024091104;11.8;-;-;0.0;0
LUZ;2024091105;12.4;-;-;0.0;0
LUZ;2024091106;13.3;-;-;0.0;26
LUZ;2024091107;14.3;-;-;0.0;29
LUZ;2024091108;15.3;-;-;0.0;37
LUZ;2024091109;16.2;-;-;0.0;29
LUZ;2024091110;16.8;-;-;0.0;18
LUZ;2024091111;17.1;-;-;0.0;14
LUZ;2024091112;17.1;-;-;0.0;12
LUZ;2024091113;16.9;-;-;0.0;9
LUZ;2024091114;16.4;-;-;0.0;9
LUZ;2024091115;15.8;-;-;0.1;8
LUZ;2024091116;15.1;-;-;0.5;5
LUZ;2024091117;14.1;-;-;1.2;2
LUZ;2024091118;13.1;-;-;1.8;0
LUZ;2024091119;12.1;-;-;1.9;0
LUZ;2024091120;11.1;-;-;1.5;0
LUZ;2024091121;10.3;-;-;1.4;0
LUZ;2024091122;9.6;-;-;1.5;0
LUZ;2024091123;9.1;-;-;1.1;0
LUZ;2024091200;8.7;11.5;7.9;0.8;0
LUZ;2024091201;8.5;-;-;0.6;0
LUZ;2024091202;8.5;-;-;0.4;0
LUZ;2024091203;8.5;-;-;0.2;0
LUZ;2024091204;8.7;-;-;0.1;0
LUZ;2024091205;9.0;-;-;0.1;0
LUZ;2024091206;9.4;-;-;0.0;1
LUZ;2024091207;9.8;-;-;0.0;1
LUZ;2024091208;10.3;-;-;0.0;2
LUZ;2024091209;10.7;-;-;0.0;3
LUZ;2024091210;11.1;-;-;0.0;5
LUZ;2024091211;11.3;-;-;0.0;5
LUZ;2024091212;11.5;-;-;0.0;4
LUZ;2024091213;11.5;-;-;0.0;5
LUZ;2024091214;11.4;-;-;0.0;9
LUZ;2024091215;11.2;-;-;0.0;11
LUZ;2024091216;10.8;-;-;0.0;7
LUZ;2024091217;10.4;-;-;0.0;5
LUZ;2024091218;9.9;-;-;0.0;4
LUZ;2024091219;9.4;-;-;0.0;0
LUZ;2024091220;8.9;-;-;0.0;0
LUZ;2024091221;8.4;-;-;0.0;0
LUZ;2024091222;7.9;-;-;0.0;0
LUZ;2024091223;7.5;-;-;0.0;0
LUZ;2024091300;7.1;10.5;6.3;0.0;0
LUZ;2024091301;6.7;-;-;0.0;0
LUZ;2024091302;6.4;-;-;0.0;0
LUZ;2024091303;6.3;-;-;0.0;0
LUZ;2024091304;6.3;-;-;0.0;0
LUZ;2024091305;6.6;-;-;0.0;0
LUZ;2024091306;7.1;-;-;0.0;1
LUZ;2024091307;7.8;-;-;0.1;2
LUZ;2024091308;8.5;-;-;0.0;4
LUZ;2024091309;9.1;-;-;0.0;3
LUZ;2024091310;9.6;-;-;0.0;3
LUZ;2024091311;10.0;-;-;0.0;3
LUZ;2024091312;10.3;-;-;0.1;3
LUZ;2024091313;10.5;-;-;0.1;3
LUZ;2024091314;10.5;-;-;0.0;4
LUZ;2024091315;10.5;-;-;0.0;5
LUZ;2024091316;10.3;-;-;0.0;5
LUZ;2024091317;10.1;-;-;0.1;3
LUZ;2024091318;9.8;-;-;0.0;2
LUZ;2024091319;9.4;-;-;0.0;0
LUZ;2024091320;9.0;-;-;0.0;0
LUZ;2024091321;8.5;-;-;0.0;0
LUZ;2024091322;8.2;-;-;0.0;0
LUZ;2024091323;7.8;-;-;0.0;0
LUZ;2024091400;7.5;12.5;6.8;0.0;0
LUZ;2024091401;7.2;-;-;0.0;0
LUZ;2024091402;6.9;-;-;0.0;0
LUZ;2024091403;6.8;-;-;0.0;0
LUZ;2024091404;6.9;-;-;0.0;0
LUZ;2024091405;7.3;-;-;0.0;0
LUZ;2024091406;7.8;-;-;0.0;5
LUZ;2024091407;8.6;-;-;0.0;6
LUZ;2024091408;9.5;-;-;0.0;9
LUZ;2024091409;10.3;-;-;0.0;13
LUZ;2024091410;11.1;-;-;0.0;13
LUZ;2024091411;11.7;-;-;0.0;15
LUZ;2024091412;12.2;-;-;0.0;17
LUZ;2024091413;12.5;-;-;0.0;21
LUZ;2024091414;12.5;-;-;0.0;21
LUZ;2024091415;12.4;-;-;0.0;12
LUZ;2024091416;12.0;-;-;0.0;11
LUZ;2024091417;11.4;-;-;0.0;18
LUZ;2024091418;10.8;-;-;0.0;13
LUZ;2024091419;10.1;-;-;0.0;0
LUZ;2024091420;9.4;-;-;0.0;0
LUZ;2024091421;8.7;-;-;0.0;0
LUZ;2024091422;8.2;-;-;0.0;0
LUZ;2024091423;7.7;-;-;0.0;0
LUZ;2024091500;7.3;15.3;6.5;0.0;0
LUZ;2024091501;6.9;-;-;0.0;0
LUZ;2024091502;6.6;-;-;0.0;0
LUZ;2024091503;6.5;-;-;0.0;0
LUZ;2024091504;6.6;-;-;0.0;0
LUZ;2024091505;7.1;-;-;0.0;0
LUZ;2024091506;7.9;-;-;0.0;28
LUZ;2024091507;9.0;-;-;0.0;34
LUZ;2024091508;10.3;-;-;0.0;18
LUZ;2024091509;11.7;-;-;0.0;15
LUZ;2024091510;13.0;-;-;0.0;19
LUZ;2024091511;14.1;-;-;0.0;30
LUZ;2024091512;14.9;-;-;0.0;40
LUZ;2024091513;15.3;-;-;0.0;45
LUZ;2024091514;15.3;-;-;0.0;47
LUZ;2024091515;15.1;-;-;0.0;51
LUZ;2024091516;14.5;-;-;0.0;44
LUZ;2024091517;13.8;-;-;0.0;39
LUZ;2024091518;12.9;-;-;0.0;11
LUZ;2024091519;12.0;-;-;0.0;0
LUZ;2024091520;11.2;-;-;0.0;0
LUZ;2024091521;10.5;-;-;0.0;0
LUZ;2024091522;9.9;-;-;0.0;0
LUZ;2024091523;9.4;-;-;0.0;0
LUZ;2024091600;8.9;15.7;8.2;0.0;0
LUZ;2024091601;8.5;-;-;0.0;0
LUZ;2024091602;8.3;-;-;0.0;0
LUZ;2024091603;8.2;-;-;0.0;0
LUZ;2024091604;8.4;-;-;0.0;0
LUZ;2024091605;8.9;-;-;0.0;0
LUZ;2024091606;9.6;-;-;0.0;12
LUZ;2024091607;10.6;-;-;0.0;17
LUZ;2024091608;11.7;-;-;0.0;20
LUZ;2024091609;12.9;-;-;0.0;23
LUZ;2024091610;14.0;-;-;0.0;23
LUZ;2024091611;14.8;-;-;0.0;21
LUZ;2024091612;15.4;-;-;0.0;24
LUZ;2024091613;15.7;-;-;0.0;27
LUZ;2024091614;15.7;-;-;0.0;27
LUZ;2024091615;15.4;-;-;0.0;26
LUZ;2024091616;14.9;-;-;0.0;24
LUZ;2024091617;14.3;-;-;0.0;22
LUZ;2024091618;13.7;-;-;0.0;9
LUZ;2024091619;13.0;-;-;0.0;0
LUZ;2024091620;12.3;-;-;0.0;0
LUZ;2024091621;11.7;-;-;0.0;0
LUZ;2024091622;11.2;-;-;0.0;0
LUZ;2024091623;10.8;-;-;0.0;0
LUZ;2024091700;10.4;16.9;9.8;0.0;0
LUZ;2024091701;10.1;-;-;0.0;0
LUZ;2024091702;9.8;-;-;0.0;0
LUZ;2024091703;9.8;-;-;0.0;0
LUZ;2024091704;9.9;-;-;0.0;0
LUZ;2024091705;10.4;-;-;0.0;0
LUZ;2024091706;11.1;-;-;0.0;15
LUZ;2024091707;12.1;-;-;0.0;14
LUZ;2024091708;13.2;-;-;0.0;14
LUZ;2024091709;14.3;-;-;0.0;17
LUZ;2024091710;15.3;-;-;0.0;17
LUZ;2024091711;16.2;-;-;0.0;16
LUZ;2024091712;16.7;-;-;0.0;19
LUZ;2024091713;16.9;-;-;0.0;21
LUZ;2024091714;16.9;-;-;0.0;20
LUZ;2024091715;16.5;-;-;0.0;21
LUZ;2024091716;15.9;-;-;0.0;26
LUZ;2024091717;15.2;-;-;0.0;35
LUZ;2024091718;14.5;-;-;0.0;6
LUZ;2024091719;13.7;-;-;0.0;0
LUZ;2024091720;13.0;-;-;0.0;0
LUZ;2024091721;12.5;-;-;0.0;0
LUZ;2024091722;12.0;-;-;0.0;0
LUZ;2024091723;11.5;-;-;0.0;0
LUZ;2024091800;11.1;17.2;10.5;0.0;0
PUY;2024091100;13.7;16.3;10.9;0.0;0
PUY;2024091101;13.2;-;-;0.0;0
PUY;2024091102;12.9;-;-;0.0;0
PUY;2024091103;12.8;-;-;0.0;0
PUY;2024091104;13.0;-;-;0.0;0
PUY;2024091105;13.5;-;-;0.0;0
PUY;2024091106;14.0;-;-;0.0;5
PUY;2024091107;14.6;-;-;0.0;14
PUY;2024091108;15.1;-;-;0.0;20
PUY;2024091109;15.6;-;-;0.0;17
PUY;2024091110;15.9;-;-;0.0;7
PUY;2024091111;16.2;-;-;0.0;2
PUY;2024091112;16.3;-;-;0.0;1
PUY;2024091113;16.3;-;-;0.1;1
PUY;2024091114;16.1;-;-;0.3;1
PUY;2024091115;15.8;-;-;0.6;1
PUY;2024091116;15.3;-;-;0.9;1
PUY;2024091117;14.7;-;-;1.5;1
PUY;2024091118;13.9;-;-;2.0;0
PUY;2024091119;13.1;-;-;1.7;0
PUY;2024091120;12.3;-;-;1.3;0
PUY;2024091121;11.6;-;-;1.1;0
PUY;2024091122;10.9;-;-;0.7;0
PUY;2024091123;10.4;-;-;0.5;0
PUY;2024091200;10.1;14.5;8.9;0.0;0
PUY;2024091201;9.9;-;-;0.0;0
PUY;2024091202;9.8;-;-;0.0;0
PUY;2024091203;9.9;-;-;0.0;0
PUY;2024091204;10.0;-;-;0.0;0
PUY;2024091205;10.4;-;-;0.0;0
PUY;2024091206;10.9;-;-;0.0;7
PUY;2024091207;11.5;-;-;0.0;11
PUY;2024091208;12.2;-;-;0.0;17
PUY;2024091209;12.9;-;-;0.0;17
PUY;2024091210;13.6;-;-;0.0;15
PUY;2024091211;14.1;-;-;0.0;17
PUY;2024091212;14.4;-;-;0.0;18
PUY;2024091213;14.5;-;-;0.0;24
PUY;2024091214;14.3;-;-;0.0;31
PUY;2024091215;13.9;-;-;0.0;33
PUY;2024091216;13.3;-;-;0.0;34
PUY;2024091217;12.5;-;-;0.0;35
PUY;2024091218;11.7;-;-;0.0;27
PUY;2024091219;10.9;-;-;0.0;0
PUY;2024091220;10.2;-;-;0.0;0
PUY;2024091221;9.5;-;-;0.0;0
PUY;2024091222;8.9;-;-;0.0;0
PUY;2024091223;8.3;-;-;0.0;0
PUY;2024091300;7.9;13.3;7.3;0.0;0
PUY;2024091301;7.6;-;-;0.0;0
PUY;2024091302;7.3;-;-;0.0;0
PUY;2024091303;7.3;-;-;0.0;0
PUY;2024091304;7.4;-;-;0.0;0
PUY;2024091305;7.8;-;-;0.0;0
PUY;2024091306;8.4;-;-;0.0;11
PUY;2024091307;9.3;-;-;0.0;15
PUY;2024091308;10.2;-;-;0.0;18
PUY;2024091309;11.1;-;-;0.0;17
PUY;2024091310;11.9;-;-;0.0;15
PUY;2024091311;12.5;-;-;0.0;15
PUY;2024091312;13.0;-;-;0.0;16
PUY;2024091313;13.3;-;-;0.0;18
PUY;2024091314;13.3;-;-;0.0;18
PUY;2024091315;13.2;-;-;0.0;18
PUY;2024091316;12.8;-;-;0.0;24
PUY;2024091317;12.3;-;-;0.0;27
PUY;2024091318;11.7;-;-;0.0;25
PUY;2024091319;11.0;-;-;0.0;0
PUY;2024091320;10.3;-;-;0.0;0
PUY;2024091321;9.7;-;-;0.0;0
PUY;2024091322;9.2;-;-;0.0;0
PUY;2024091323;8.8;-;-;0.0;0
PUY;2024091400;8.4;15.0;7.9;0.0;0
PUY;2024091401;8.1;-;-;0.0;0
PUY;2024091402;7.9;-;-;0.0;0
PUY;2024091403;7.9;-;-;0.0;0
PUY;2024091404;8.0;-;-;0.0;0
PUY;2024091405;8.5;-;-;0.0;0
PUY;2024091406;9.2;-;-;0.0;16
PUY;2024091407;10.1;-;-;0.0;60
PUY;2024091408;11.1;-;-;0.0;60
PUY;2024091409;12.2;-;-;0.0;60
PUY;2024091410;13.2;-;-;0.0;60
PUY;2024091411;14.0;-;-;0.0;57
PUY;2024091412;14.6;-;-;0.0;56
PUY;2024091413;14.9;-;-;0.0;57
PUY;2024091414;15.0;-;-;0.0;57
PUY;2024091415;14.7;-;-;0.0;58
PUY;2024091416;14.3;-;-;0.0;57
PUY;2024091417;13.6;-;-;0.0;58
PUY;2024091418;12.7;-;-;0.0;22
PUY;2024091419;11.9;-;-;0.0;0
PUY;2024091420;11.0;-;-;0.0;0
PUY;2024091421;10.3;-;-;0.0;0
PUY;2024091422;9.7;-;-;0.0;0
PUY;2024091423;9.2;-;-;0.0;0
PUY;2024091500;8.8;17.0;8.1;0.0;0
PUY;2024091501;8.4;-;-;0.0;0
PUY;2024091502;8.2;-;-;0.0;0
PUY;2024091503;8.1;-;-;0.0;0
PUY;2024091504;8.2;-;-;0.0;0
PUY;2024091505;8.6;-;-;0.0;0
PUY;2024091506;9.3;-;-;0.0;16
PUY;2024091507;10.3;-;-;0.0;60
PUY;2024091508;11.5;-;-;0.0;60
PUY;2024091509;12.8;-;-;0.0;60
PUY;2024091510;14.1;-;-;0.0;59
PUY;2024091511;15.3;-;-;0.0;58
PUY;2024091512;16.2;-;-;0.0;58
PUY;2024091513;16.8;-;-;0.0;58
PUY;2024091514;17.0;-;-;0.0;56
PUY;2024091515;16.8;-;-;0.0;57
PUY;2024091516;16.3;-;-;0.0;55
PUY;2024091517;15.5;-;-;0.0;52
PUY;2024091518;14.6;-;-;0.0;20
PUY;2024091519;13.6;-;-;0.0;0
PUY;2024091520;12.8;-;-;0.0;0
PUY;2024091521;12.1;-;-;0.0;0
PUY;2024091522;11.5;-;-;0.0;0
PUY;2024091523;11.2;-;-;0.0;0
PUY;2024091600;10.9;18.0;10.7;0.0;0
PUY;2024091601;10.8;-;-;0.0;0
PUY;2024091602;10.7;-;-;0.0;0
PUY;2024091603;10.7;-;-;0.0;0
PUY;2024091604;10.8;-;-;0.0;0
PUY;2024091605;11.1;-;-;0.0;0
PUY;2024091606;11.7;-;-;0.0;9
PUY;2024091607;12.5;-;-;0.0;42
PUY;2024091608;13.5;-;-;0.0;46
PUY;2024091609;14.6;-;-;0.0;49
PUY;2024091610;15.7;-;-;0.0;50
PUY;2024091611;16.7;-;-;0.0;45
PUY;2024091612;17.4;-;-;0.0;43
PUY;2024091613;17.9;-;-;0.0;43
PUY;2024091614;18.0;-;-;0.0;44
PUY;2024091615;17.9;-;-;0.0;45
PUY;2024091616;17.4;-;-;0.0;45
PUY;2024091617;16.8;-;-;0.0;46
PUY;2024091618;16.0;-;-;0.0;19
PUY;2024091619;15.2;-;-;0.0;0
PUY;2024091620;14.4;-;-;0.0;0
PUY;2024091621;13.7;-;-;0.0;0
PUY;2024091622;13.2;-;-;0.0;0
PUY;2024091623;12.8;-;-;0.0;0
PUY;2024091700;12.4;18.9;11.7;0.0;0
PUY;2024091701;12.1;-;-;0.0;0
PUY;2024091702;11.8;-;-;0.0;0
PUY;2024091703;11.7;-;-;0.0;0
PUY;2024091704;11.8;-;-;0.0;0
PUY;2024091705;12.2;-;-;0.0;0
PUY;2024091706;12.8;-;-;0.0;7
PUY;2024091707;13.6;-;-;0.0;58
PUY;2024091708;14.6;-;-;0.0;57
PUY;2024091709;15.7;-;-;0.0;54
PUY;2024091710;16.8;-;-;0.0;53
PUY;2024091711;17.7;-;-;0.0;51
PUY;2024091712;18.4;-;-;0.0;52
PUY;2024091713;18.8;-;-;0.0;55
PUY;2024091714;18.9;-;-;0.0;54
PUY;2024091715;18.6;-;-;0.0;53
PUY;2024091716;18.1;-;-;0.0;54
PUY;2024091717;17.5;-;-;0.0;57
PUY;2024091718;16.7;-;-;0.0;18
PUY;2024091719;15.9;-;-;0.0;0
PUY;2024091720;15.2;-;-;0.0;0
PUY;2024091721;14.5;-;-;0.0;0
PUY;2024091722;14.0;-;-;0.0;0
PUY;2024091723;13.5;-;-;0.0;0
PUY;2024091800;13.1;19.4;12.3;0.0;0
SIO;2024091100;11.6;18.2;9.5;0.0;0
SIO;2024091101;10.7;-;-;0.0;0
SIO;2024091102;10.0;-;-;0.0;0
SIO;2024091103;9.5;-;-;0.0;0
SIO;2024091104;9.6;-;-;0.0;0
SIO;2024091105;10.2;-;-;0.0;0
SIO;2024091106;11.2;-;-;0.0;0
SIO;2024091107;12.6;-;-;0.0;28
SIO;2024091108;14.1;-;-;0.0;39
SIO;2024091109;15.6;-;-;0.0;41
SIO;2024091110;16.8;-;-;0.0;32
SIO;2024091111;17.6;-;-;0.0;22
SIO;2024091112;18.1;-;-;0.0;17
SIO;2024091113;18.2;-;-;0.0;13
SIO;2024091114;18.0;-;-;0.0;12
SIO;2024091115;17.5;-;-;0.0;11
SIO;2024091116;16.9;-;-;0.0;9
SIO;2024091117;16.2;-;-;0.0;5
SIO;2024091118;15.4;-;-;0.2;0
SIO;2024091119;14.5;-;-;0.4;0
SIO;2024091120;13.6;-;-;0.4;0
SIO;2024091121;12.8;-;-;0.3;0
SIO;2024091122;12.0;-;-;0.5;0
SIO;2024091123;11.3;-;-;0.3;0
SIO;2024091200;10.7;16.0;7.7;0.2;0
SIO;2024091201;10.3;-;-;0.2;0
SIO;2024091202;10.0;-;-;0.1;0
SIO;2024091203;10.0;-;-;0.1;0
SIO;2024091204;10.2;-;-;0.0;0
SIO;2024091205;10.7;-;-;0.0;0
SIO;2024091206;11.5;-;-;0.0;0
SIO;2024091207;12.4;-;-;0.0;11
SIO;2024091208;13.4;-;-;0.0;15
SIO;2024091209;14.4;-;-;0.0;18
SIO;2024091210;15.2;-;-;0.0;18
SIO;2024091211;15.7;-;-;0.0;20
SIO;2024091212;16.0;-;-;0.0;19
SIO;2024091213;16.0;-;-;0.0;18
SIO;2024091214;15.6;-;-;0.0;21
SIO;2024091215;14.9;-;-;0.0;20
SIO;2024091216;14.0;-;-;0.0;15
SIO;2024091217;12.9;-;-;0.0;11
SIO;2024091218;11.7;-;-;0.0;0
SIO;2024091219;10.6;-;-;0.0;0
SIO;2024091220;9.5;-;-;0.0;0
SIO;2024091221;8.5;-;-;0.0;0
SIO;2024091222;7.7;-;-;0.0;0
SIO;2024091223;6.9;-;-;0.0;0
SIO;2024091300;6.3;14.2;5.5;0.0;0
SIO;2024091301;5.9;-;-;0.0;0
SIO;2024091302;5.6;-;-;0.0;0
SIO;2024091303;5.5;-;-;0.0;0
SIO;2024091304;5.8;-;-;0.0;0
SIO;2024091305;6.4;-;-;0.0;0
SIO;2024091306;7.4;-;-;0.0;0
SIO;2024091307;8.7;-;-;0.0;8
SIO;2024091308;10.0;-;-;0.0;9
SIO;2024091309;11.4;-;-;0.0;11
SIO;2024091310;12.5;-;-;0.0;13
SIO;2024091311;13.4;-;-;0.0;15
SIO;2024091312;14.0;-;-;0.0;18
SIO;2024091313;14.2;-;-;0.0;18
SIO;2024091314;14.1;-;-;0.0;18
SIO;2024091315;13.6;-;-;0.0;19
SIO;2024091316;12.9;-;-;0.0;18
SIO;2024091317;12.0;-;-;0.0;12
SIO;2024091318;11.0;-;-;0.0;0
SIO;2024091319;9.9;-;-;0.0;0
SIO;2024091320;9.0;-;-;0.0;0
SIO;2024091321;8.1;-;-;0.0;0
SIO;2024091322;7.5;-;-;0.0;0
SIO;2024091323;6.9;-;-;0.0;0
SIO;2024091400;6.5;16.7;6.1;0.0;0
SIO;2024091401;6.2;-;-;0.0;0
SIO;2024091402;6.1;-;-;0.0;0
SIO;2024091403;6.1;-;-;0.0;0
SIO;2024091404;6.4;-;-;0.0;0
SIO;2024091405;7.1;-;-;0.0;0
SIO;2024091406;8.0;-;-;0.0;0
SIO;2024091407;9.3;-;-;0.0;36
SIO;2024091408;10.9;-;-;0.0;44
SIO;2024091409;12.5;-;-;0.0;47
SIO;2024091410;14.0;-;-;0.0;53
SIO;2024091411;15.3;-;-;0.0;52
SIO;2024091412;16.2;-;-;0.0;53
SIO;2024091413;16.7;-;-;0.0;54
SIO;2024091414;16.7;-;-;0.0;53
SIO;2024091415;16.3;-;-;0.0;52
SIO;2024091416;15.5;-;-;0.0;55
SIO;2024091417;14.3;-;-;0.0;54
SIO;2024091418;13.0;-;-;0.0;0
SIO;2024091419;11.5;-;-;0.0;0
SIO;2024091420;10.1;-;-;0.0;0
SIO;2024091421;8.9;-;-;0.0;0
SIO;2024091422;7.8;-;-;0.0;0
SIO;2024091423;6.9;-;-;0.0;0
SIO;2024091500;6.2;18.7;4.9;0.0;0
SIO;2024091501;5.6;-;-;0.0;0
SIO;2024091502;5.1;-;-;0.0;0
SIO;2024091503;4.9;-;-;0.0;0
SIO;2024091504;5.2;-;-;0.0;0
SIO;2024091505;6.0;-;-;0.0;0
SIO;2024091506;7.4;-;-;0.0;0
SIO;2024091507;9.3;-;-;0.0;50
SIO;2024091508;11.4;-;-;0.0;60
SIO;2024091509;13.7;-;-;0.0;60
SIO;2024091510;15.7;-;-;0.0;60
SIO;2024091511;17.3;-;-;0.0;58
SIO;2024091512;18.3;-;-;0.0;57
SIO;2024091513;18.7;-;-;0.0;57
SIO;2024091514;18.4;-;-;0.0;55
SIO;2024091515;17.5;-;-;0.0;54
SIO;2024091516;16.2;-;-;0.0;52
SIO;2024091517;14.6;-;-;0.0;49
SIO;2024091518;12.9;-;-;0.0;0
SIO;2024091519;11.3;-;-;0.0;0
SIO;2024091520;10.0;-;-;0.0;0
SIO;2024091521;9.0;-;-;0.0;0
SIO;2024091522;8.3;-;-;0.0;0
SIO;2024091523;7.8;-;-;0.0;0
SIO;2024091600;7.5;19.0;7.3;0.0;0
SIO;2024091601;7.3;-;-;0.0;0
SIO;2024091602;7.3;-;-;0.0;0
SIO;2024091603;7.6;-;-;0.0;0
SIO;2024091604;8.1;-;-;0.0;0
SIO;2024091605;9.0;-;-;0.0;0
SIO;2024091606;10.2;-;-;0.0;0
SIO;2024091607;11.9;-;-;0.0;39
SIO;2024091608;13.7;-;-;0.0;38
SIO;2024091609;15.6;-;-;0.0;37
SIO;2024091610;17.3;-;-;0.0;39
SIO;2024091611;18.4;-;-;0.0;41
SIO;2024091612;19.0;-;-;0.0;44
SIO;2024091613;19.0;-;-;0.0;44
SIO;2024091614;18.4;-;-;0.0;42
SIO;2024091615;17.5;-;-;0.0;40
SIO;2024091616;16.4;-;-;0.0;37
SIO;2024091617;15.1;-;-;0.0;35
SIO;2024091618;13.9;-;-;0.0;0
SIO;2024091619;12.8;-;-;0.0;0
SIO;2024091620;11.9;-;-;0.0;0
SIO;2024091621;11.1;-;-;0.0;0
SIO;2024091622;10.5;-;-;0.0;0
SIO;2024091623;9.9;-;-;0.0;0
SIO;2024091700;9.4;20.6;8.7;0.0;0
SIO;2024091701;9.0;-;-;0.0;0
SIO;2024091702;8.8;-;-;0.0;0
SIO;2024091703;8.7;-;-;0.0;0
SIO;2024091704;8.9;-;-;0.0;0
SIO;2024091705;9.5;-;-;0.0;0
SIO;2024091706;10.6;-;-;0.0;0
SIO;2024091707;12.0;-;-;0.0;49
SIO;2024091708;13.8;-;-;0.0;50
SIO;2024091709;15.7;-;-;0.0;47
SIO;2024091710;17.5;-;-;0.0;46
SIO;2024091711;19.1;-;-;0.0;47
SIO;2024091712;20.1;-;-;0.0;47
SIO;2024091713;20.6;-;-;0.0;46
SIO;2024091714;20.4;-;-;0.0;42
SIO;2024091715;19.7;-;-;0.0;41
SIO;2024091716;18.5;-;-;0.0;41
SIO;2024091717;17.2;-;-;0.0;41
SIO;2024091718;15.8;-;-;0.0;0
SIO;2024091719;14.4;-;-;0.0;0
SIO;2024091720;13.3;-;-;0.0;0
SIO;2024091721;12.4;-;-;0.0;0
SIO;2024091722;11.8;-;-;0.0;0
SIO;2024091723;11.2;-;-;0.0;0
SIO;2024091800;10.7;20.5;9.9;0.0;0
STG;2024091100;10.9;13.9;7.2;0.0;0
STG;2024091101;10.8;-;-;0.0;0
STG;2024091102;10.7;-;-;0.0;0
STG;2024091103;10.7;-;-;0.0;0
STG;2024091104;10.9;-;-;0.0;0
STG;2024091105;11.2;-;-;0.0;0
STG;2024091106;11.7;-;-;0.0;39
STG;2024091107;12.4;-;-;0.0;49
STG;2024091108;13.1;-;-;0.0;35
STG;2024091109;13.6;-;-;0.0;26
STG;2024091110;13.9;-;-;0.0;16
STG;2024091111;13.9;-;-;0.0;11
STG;2024091112;13.8;-;-;0.0;9
STG;2024091113;13.4;-;-;0.0;7
STG;2024091114;12.9;-;-;0.0;5
STG;2024091115;12.4;-;-;0.2;3
STG;2024091116;11.7;-;-;0.5;2
STG;2024091117;11.0;-;-;1.0;1
STG;2024091118;10.3;-;-;1.3;0
STG;2024091119;9.5;-;-;1.5;0
STG;2024091120;8.7;-;-;1.0;0
STG;2024091121;7.9;-;-;0.9;0
STG;2024091122;7.2;-;-;0.8;0
STG;2024091123;6.6;-;-;0.8;0
STG;2024091200;6.1;9.4;5.6;0.5;0
STG;2024091201;5.8;-;-;0.8;0
STG;2024091202;5.6;-;-;0.4;0
STG;2024091203;5.7;-;-;0.0;0
STG;2024091204;5.9;-;-;0.0;0
STG;2024091205;6.3;-;-;0.0;0
STG;2024091206;6.8;-;-;0.0;0
STG;2024091207;7.3;-;-;0.0;1
STG;2024091208;7.9;-;-;0.0;1
STG;2024091209;8.4;-;-;0.0;2
STG;2024091210;8.9;-;-;0.0;2
STG;2024091211;9.2;-;-;0.0;2
STG;2024091212;9.4;-;-;0.0;2
STG;2024091213;9.4;-;-;0.0;3
STG;2024091214;9.2;-;-;0.0;2
STG;2024091215;8.9;-;-;0.0;4
STG;2024091216;8.5;-;-;0.0;5
STG;2024091217;8.0;-;-;0.0;4
STG;2024091218;7.5;-;-;0.0;2
STG;2024091219;7.0;-;-;0.0;0
STG;2024091220;6.5;-;-;0.0;0
STG;2024091221;6.0;-;-;0.0;0
STG;2024091222;5.6;-;-;0.0;0
STG;2024091223;5.2;-;-;0.0;0
STG;2024091300;4.8;7.2;4.2;0.0;0
STG;2024091301;4.5;-;-;0.0;0
STG;2024091302;4.3;-;-;0.0;0
STG;2024091303;4.2;-;-;0.0;0
STG;2024091304;4.3;-;-;0.0;0
STG;2024091305;4.5;-;-;0.0;0
STG;2024091306;4.9;-;-;0.1;1
STG;2024091307;5.4;-;-;0.0;1
STG;2024091308;5.9;-;-;0.0;2
STG;2024091309;6.3;-;-;0.1;1
STG;2024091310;6.7;-;-;0.1;1
STG;2024091311;7.0;-;-;0.0;1
STG;2024091312;7.1;-;-;0.2;1
STG;2024091313;7.2;-;-;0.2;1
STG;2024091314;7.2;-;-;0.5;2
STG;2024091315;7.2;-;-;0.3;2
STG;2024091316;7.0;-;-;0.2;2
STG;2024091317;6.8;-;-;0.2;1
STG;2024091318;6.6;-;-;0.3;0
STG;2024091319;6.5;-;-;0.1;0
STG;2024091320;6.3;-;-;0.3;0
STG;2024091321;6.2;-;-;0.3;0
STG;2024091322;6.0;-;-;0.3;0
STG;2024091323;5.9;-;-;0.2;0
STG;2024091400;5.7;8.4;4.8;0.1;0
STG;2024091401;5.4;-;-;0.0;0
STG;2024091402;5.1;-;-;0.0;0
STG;2024091403;4.9;-;-;0.0;0
STG;2024091404;4.8;-;-;0.0;0
STG;2024091405;5.0;-;-;0.0;0
STG;2024091406;5.4;-;-;0.0;1
STG;2024091407;6.0;-;-;0.0;3
STG;2024091408;6.6;-;-;0.0;3
STG;2024091409;7.1;-;-;0.0;2
STG;2024091410;7.6;-;-;0.0;3
STG;2024091411;8.0;-;-;0.0;4
STG;2024091412;8.3;-;-;0.0;4
STG;2024091413;8.4;-;-;0.0;4
STG;2024091414;8.4;-;-;0.0;5
STG;2024091415;8.2;-;-;0.0;5
STG;2024091416;8.0;-;-;0.0;5
STG;2024091417;7.6;-;-;0.0;5
STG;2024091418;7.2;-;-;0.0;5
STG;2024091419;6.9;-;-;0.0;0
STG;2024091420;6.5;-;-;0.0;0
STG;2024091421;6.3;-;-;0.0;0
STG;2024091422;6.0;-;-;0.0;0
STG;2024091423;5.9;-;-;0.0;0
STG;2024091500;5.7;11.8;5.4;0.0;0
STG;2024091501;5.6;-;-;0.0;0
STG;2024091502;5.4;-;-;0.0;0
STG;2024091503;5.4;-;-;0.0;0
STG;2024091504;5.5;-;-;0.0;0
STG;2024091505;5.9;-;-;0.0;0
STG;2024091506;6.4;-;-;0.0;29
STG;2024091507;7.2;-;-;0.0;46
STG;2024091508;8.2;-;-;0.0;44
STG;2024091509;9.2;-;-;0.0;44
STG;2024091510;10.2;-;-;0.0;38
STG;2024091511;11.0;-;-;0.0;31
STG;2024091512;11.6;-;-;0.0;28
STG;2024091513;11.8;-;-;0.0;28
STG;2024091514;11.8;-;-;0.0;30
STG;2024091515;11.5;-;-;0.0;41
STG;2024091516;10.9;-;-;0.0;45
STG;2024091517;10.1;-;-;0.0;41
STG;2024091518;9.3;-;-;0.0;17
STG;2024091519;8.6;-;-;0.0;0
STG;2024091520;8.0;-;-;0.0;0
STG;2024091521;7.6;-;-;0.0;0
STG;2024091522;7.3;-;-;0.0;0
STG;2024091523;7.2;-;-;0.0;0
STG;2024091600;7.1;12.3;7.1;0.0;0
STG;2024091601;7.1;-;-;0.0;0
STG;2024091602;7.2;-;-;0.0;0
STG;2024091603;7.2;-;-;0.0;0
STG;2024091604;7.4;-;-;0.0;0
STG;2024091605;7.7;-;-;0.0;0
STG;2024091606;8.2;-;-;0.0;10
STG;2024091607;8.8;-;-;0.0;13
STG;2024091608;9.6;-;-;0.0;18
STG;2024091609;10.4;-;-;0.0;20
STG;2024091610;11.1;-;-;0.0;20
STG;2024091611;11.7;-;-;0.0;18
STG;2024091612;12.1;-;-;0.0;16
STG;2024091613;12.3;-;-;0.0;17
STG;2024091614;12.2;-;-;0.0;17
STG;2024091615;11.9;-;-;0.0;18
STG;2024091616;11.5;-;-;0.0;17
STG;2024091617;11.0;-;-;0.0;12
STG;2024091618;10.5;-;-;0.0;10
STG;2024091619;10.0;-;-;0.0;0
STG;2024091620;9.5;-;-;0.0;0
STG;2024091621;9.2;-;-;0.0;0
STG;2024091622;8.9;-;-;0.0;0
STG;2024091623;8.7;-;-;0.0;0
STG;2024091700;8.5;13.5;8.2;0.0;0
STG;2024091701;8.3;-;-;0.0;0
STG;2024091702;8.2;-;-;0.0;0
STG;2024091703;8.2;-;-;0.0;0
STG;2024091704;8.4;-;-;0.0;0
STG;2024091705;8.8;-;-;0.0;0
STG;2024091706;9.3;-;-;0.0;11
STG;2024091707;10.0;-;-;0.0;12
STG;2024091708;10.8;-;-;0.0;16
STG;2024091709;11.6;-;-;0.0;17
STG;2024091710;12.4;-;-;0.0;19
STG;2024091711;13.0;-;-;0.0;23
STG;2024091712;13.4;-;-;0.0;25
STG;2024091713;13.5;-;-;0.0;25
STG;2024091714;13.4;-;-;0.0;25
STG;2024091715;13.2;-;-;0.0;25
STG;2024091716;12.7;-;-;0.0;28
STG;2024091717;12.2;-;-;0.0;33
STG;2024091718;11.6;-;-;0.0;14
STG;2024091719;11.1;-;-;0.0;0
STG;2024091720;10.7;-;-;0.0;0
STG;2024091721;10.3;-;-;0.0;0
STG;2024091722;9.9;-;-;0.0;0
STG;2024091723;9.7;-;-;0.0;0
STG;2024091800;9.4;15.4;9.0;0.0;0
SMA;2024091100;11.6;15.2;8.4;0.0;0
SMA;2024091101;11.4;-;-;0.0;0
SMA;2024091102;11.3;-;-;0.0;0
SMA;2024091103;11.3;-;-;0.0;0
SMA;2024091104;11.5;-;-;0.0;0
SMA;2024091105;12.0;-;-;0.0;0
SMA;2024091106;12.7;-;-;0.0;22
SMA;2024091107;13.5;-;-;0.0;27
SMA;2024091108;14.3;-;-;0.0;26
SMA;2024091109;14.8;-;-;0.0;17
SMA;2024091110;15.1;-;-;0.0;12
SMA;2024091111;15.2;-;-;0.1;7
SMA;2024091112;15.0;-;-;0.4;4
SMA;2024091113;14.8;-;-;1.1;2
SMA;2024091114;14.4;-;-;1.3;2
SMA;2024091115;13.8;-;-;1.7;2
SMA;2024091116;13.1;-;-;2.0;2
SMA;2024091117;12.3;-;-;2.0;1
SMA;2024091118;11.4;-;-;2.3;0
SMA;2024091119;10.6;-;-;1.8;0
SMA;2024091120;9.8;-;-;1.4;0
SMA;2024091121;9.0;-;-;1.3;0
SMA;2024091122;8.4;-;-;1.2;0
SMA;2024091123;8.0;-;-;0.8;0
SMA;2024091200;7.7;11.8;7.5;0.6;0
SMA;2024091201;7.5;-;-;0.3;0
SMA;2024091202;7.5;-;-;0.0;0
SMA;2024091203;7.6;-;-;0.0;0
SMA;2024091204;7.9;-;-;0.0;0
SMA;2024091205;8.3;-;-;0.0;0
SMA;2024091206;8.8;-;-;0.0;1
SMA;2024091207;9.3;-;-;0.0;3
SMA;2024091208;9.9;-;-;0.0;4
SMA;2024091209;10.5;-;-;0.0;7
SMA;2024091210;11.1;-;-;0.0;8
SMA;2024091211;11.5;-;-;0.0;10
SMA;2024091212;11.7;-;-;0.0;12
SMA;2024091213;11.8;-;-;0.0;17
SMA;2024091214;11.7;-;-;0.0;22
SMA;2024091215;11.4;-;-;0.0;17
SMA;2024091216;11.0;-;-;0.0;14
SMA;2024091217;10.4;-;-;0.0;13
SMA;2024091218;9.8;-;-;0.0;14
SMA;2024091219;9.2;-;-;0.0;0
SMA;2024091220;8.6;-;-;0.0;0
SMA;2024091221;8.0;-;-;0.0;0
SMA;2024091222;7.5;-;-;0.0;0
SMA;2024091223;7.0;-;-;0.0;0
SMA;2024091300;6.6;10.6;5.8;0.0;0
SMA;2024091301;6.2;-;-;0.0;0
SMA;2024091302;5.9;-;-;0.0;0
SMA;2024091303;5.8;-;-;0.0;0
SMA;2024091304;5.8;-;-;0.0;0
SMA;2024091305;6.1;-;-;0.0;0
SMA;2024091306;6.6;-;-;0.0;6
SMA;2024091307;7.3;-;-;0.0;7
SMA;2024091308;8.0;-;-;0.0;6
SMA;2024091309;8.7;-;-;0.0;5
SMA;2024091310;9.4;-;-;0.0;3
SMA;2024091311;9.9;-;-;0.0;3
SMA;2024091312;10.3;-;-;0.0;4
SMA;2024091313;10.5;-;-;0.0;6
SMA;2024091314;10.6;-;-;0.0;8
SMA;2024091315;10.5;-;-;0.0;7
SMA;2024091316;10.3;-;-;0.0;6
SMA;2024091317;9.9;-;-;0.0;4
SMA;2024091318;9.5;-;-;0.0;3
SMA;2024091319;9.0;-;-;0.0;0
SMA;2024091320;8.6;-;-;0.0;0
SMA;2024091321;8.2;-;-;0.0;0
SMA;2024091322;7.8;-;-;0.0;0
SMA;2024091323;7.5;-;-;0.0;0
SMA;2024091400;7.2;11.8;6.6;0.0;0
SMA;2024091401;6.9;-;-;0.0;0
SMA;2024091402;6.7;-;-;0.0;0
SMA;2024091403;6.6;-;-;0.0;0
SMA;2024091404;6.6;-;-;0.0;0
SMA;2024091405;6.9;-;-;0.0;0
SMA;2024091406;7.4;-;-;0.0;13
SMA;2024091407;8.1;-;-;0.0;9
SMA;2024091408;8.9;-;-;0.0;14
SMA;2024091409;9.7;-;-;0.0;18
SMA;2024091410;10.5;-;-;0.0;14
SMA;2024091411;11.1;-;-;0.0;10
SMA;2024091412;11.5;-;-;0.0;10
SMA;2024091413;11.8;-;-;0.0;11
SMA;2024091414;11.8;-;-;0.0;13
SMA;2024091415;11.7;-;-;0.0;11
SMA;2024091416;11.4;-;-;0.0;18
SMA;2024091417;10.9;-;-;0.0;26
SMA;2024091418;10.3;-;-;0.0;22
SMA;2024091419;9.7;-;-;0.0;0
SMA;2024091420;9.2;-;-;0.0;0
SMA;2024091421;8.6;-;-;0.0;0
SMA;2024091422;8.2;-;-;0.0;0
SMA;2024091423;7.7;-;-;0.0;0
SMA;2024091500;7.3;14.8;6.4;0.0;0
SMA;2024091501;6.9;-;-;0.0;0
SMA;2024091502;6.6;-;-;0.0;0
SMA;2024091503;6.4;-;-;0.0;0
SMA;2024091504;6.5;-;-;0.0;0
SMA;2024091505;6.9;-;-;0.0;0
SMA;2024091506;7.6;-;-;0.0;17
SMA;2024091507;8.7;-;-;0.0;58
SMA;2024091508;10.0;-;-;0.0;53
SMA;2024091509;11.3;-;-;0.0;48
SMA;2024091510;12.6;-;-;0.0;44
SMA;2024091511;13.7;-;-;0.0;41
SMA;2024091512;14.4;-;-;0.0;42
SMA;2024091513;14.8;-;-;0.0;43
SMA;2024091514;14.8;-;-;0.0;42
SMA;2024091515;14.4;-;-;0.0;48
SMA;2024091516;13.8;-;-;0.0;49
SMA;2024091517;12.9;-;-;0.0;45
SMA;2024091518;11.9;-;-;0.0;20
SMA;2024091519;11.0;-;-;0.0;0
SMA;2024091520;10.1;-;-;0.0;0
SMA;2024091521;9.5;-;-;0.0;0
SMA;2024091522;9.0;-;-;0.0;0
SMA;2024091523;8.7;-;-;0.0;0
SMA;2024091600;8.5;15.9;8.3;0.0;0
SMA;2024091601;8.3;-;-;0.0;0
SMA;2024091602;8.3;-;-;0.0;0
SMA;2024091603;8.4;-;-;0.0;0
SMA;2024091604;8.6;-;-;0.0;0
SMA;2024091605;9.1;-;-;0.0;0
SMA;2024091606;9.8;-;-;0.0;16
SMA;2024091607;10.7;-;-;0.0;25
SMA;2024091608;11.8;-;-;0.0;31
SMA;2024091609;13.0;-;-;0.0;30
SMA;2024091610;14.1;-;-;0.0;28
SMA;2024091611;15.0;-;-;0.0;25
SMA;2024091612;15.7;-;-;0.0;21
SMA;2024091613;15.9;-;-;0.0;19
SMA;2024091614;15.8;-;-;0.0;17
SMA;2024091615;15.4;-;-;0.0;19
SMA;2024091616;14.8;-;-;0.0;22
SMA;2024091617;14.0;-;-;0.0;22
SMA;2024091618;13.2;-;-;0.0;19
SMA;2024091619;12.4;-;-;0.0;0
SMA;2024091620;11.7;-;-;0.0;0
SMA;2024091621;11.2;-;-;0.0;0
SMA;2024091622;10.8;-;-;0.0;0
SMA;2024091623;10.5;-;-;0.0;0
SMA;2024091700;10.3;16.5;10.0;0.0;0
SMA;2024091701;10.1;-;-;0.0;0
SMA;2024091702;10.0;-;-;0.0;0
SMA;2024091703;10.0;-;-;0.0;0
SMA;2024091704;10.2;-;-;0.0;0
SMA;2024091705;10.5;-;-;0.0;0
SMA;2024091706;11.1;-;-;0.0;16
SMA;2024091707;11.9;-;-;0.0;38
SMA;2024091708;12.9;-;-;0.0;31
SMA;2024091709;14.0;-;-;0.0;24
SMA;2024091710;14.9;-;-;0.0;20
SMA;2024091711;15.8;-;-;0.0;23
SMA;2024091712;16.3;-;-;0.0;26
SMA;2024091713;16.5;-;-;0.0;26
SMA;2024091714;16.4;-;-;0.0;25
SMA;2024091715;16.0;-;-;0.0;28
SMA;2024091716;15.4;-;-;0.0;32
SMA;2024091717;14.7;-;-;0.0;35
SMA;2024091718;13.9;-;-;0.0;17
SMA;2024091719;13.1;-;-;0.0;0
SMA;2024091720;12.5;-;-;0.0;0
SMA;2024091721;11.9;-;-;0.0;0
SMA;2024091722;11.5;-;-;0.0;0
SMA;2024091723;11.1;-;-;0.0;0
SMA;2024091800;10.8;17.7;10.2;0.0;0
